Date,Site Name,Total Gas Production,Gas Sales
2/1/2021,BARRICADE 11-7,235,235
2/1/2021,BARRICADE 14-01V,114.46,0
2/1/2021,BARRICADE 1496-S26-05V,169.21,169.21
2/1/2021,BARRICADE 1496-S26-16V,211.11,211.11
2/1/2021,BARRICADE 1595-S31 CP,1369.66,0
2/1/2021,BARRICADE 1595-S31-11V,460.76,0
2/1/2021,BARRICADE 1595-S31-16V,968.54,0
2/1/2021,BARRICADE 21-11N1MH,306.45,0
2/1/2021,BARRICADE 22-06 CP,526.83,0
2/1/2021,BARRICADE 22-06-4H,371.53,0
2/1/2021,BARRICADE 22-06-5H,247.41,0
2/1/2021,BARRICADE 23-31 CP,813.83,0
2/1/2021,BARRICADE 23-31-2H,135.77,0
2/1/2021,BARRICADE 23-31-3H,739.86,0
2/1/2021,BARRICADE 24-36 CP,1052,0
2/1/2021,BARRICADE 24-36S1LH,298.59,0
2/1/2021,BARRICADE 24-36S2MH,713.89,0
2/1/2021,BARRICADE 32NE-6D,165.02,165.02
2/1/2021,BARRICADE 34-24V,124,0
2/1/2021,BARRICADE 41-01,102,0
2/1/2021,BARRICADE 41-6 5 CP,1798.06,0
2/1/2021,BARRICADE 41-6S1LH,862.86,0
2/1/2021,BARRICADE 41-6S1MH,742.62,0
2/1/2021,BARRICADE 41SW-6D,165.83,0
2/1/2021,BARRICADE 41SW/32NE TB,,
2/1/2021,BARRICADE UNIT 14-01 CP,670.41,0
2/1/2021,BARRICADE UNIT 14-01H,626.52,0
2/1/2021,BARRICADE UNIT 24-36,137.63,0
2/1/2021,BARRICADE UNIT 33-12,123,123
2/1/2021,BARRICADE UNIT 44-1 SWD INFO ONLY,0,0
2/1/2021,CEPO FEDERAL 20-17,1083.34,0
2/1/2021,CEPO FEDERAL 23-7,153.95,0
2/1/2021,CEPO FEDERAL 3-19ST,0,0
2/1/2021,ENDURANCE 11-21-1V,39,0
2/1/2021,ENDURANCE 1595 S29-18V,343.68,0
2/1/2021,ENDURANCE 1595 S29-29V,149.29,0
2/1/2021,ENDURANCE 1595 S32-13V,174.04,0
2/1/2021,ENDURANCE 1595 S32-19V,180.87,0
2/1/2021,ENDURANCE 1595 S32-21V,161.23,0
2/1/2021,ENDURANCE 1595 S32-25V,235.44,0
2/1/2021,ENDURANCE 1595 S32-26V,565.81,0
2/1/2021,ENDURANCE 1595-S32-29S NW1 CP,1640.83,1510
2/1/2021,ENDURANCE 21-32,10.06,0
2/1/2021,ENDURANCE 41-29S1 CP,875,0
2/1/2021,ENDURANCE 41-29S1LH,236.04,0
2/1/2021,ENDURANCE 41-29S1MH,161.37,0
2/1/2021,ENDURANCE 41-29S1UH,589.98,0
2/1/2021,ENDURANCE 42-10 INJ INFO ONLY,,
2/1/2021,ENDURANCE 42-30-1V,73,0
2/1/2021,ENDURANCE 44-32,193.54,0
2/1/2021,ENDURANCE UNIT 23-5,148.07,0
2/1/2021,ENDURANCE UNIT 42-5,136,136
2/1/2021,ENDURANCE UNIT 44-29,118.29,0
2/1/2021,ENDURANCE/WEST SLOPE 32 CP,200,200
2/1/2021,FTUN 1495 S08-23V,1675.91,0
2/1/2021,FTUN 1495 S08-24V,1116.7,0
2/1/2021,FTUN 1495 S08-SW1 CP,5616.32,0
2/1/2021,FTUN 1495 S17-02V,1419.57,0
2/1/2021,FTUN 1495 S17-03V,1360.51,0
2/1/2021,PM-PB-05V-16V CP,712,712
2/1/2021,POLAR BAR 2,261.35,0
2/1/2021,POWDER MOUNTAIN UNIT 34-26X,52.32,52.32
2/1/2021,WEST SLOPE UNIT 33-32,68.36,0
2/2/2021,BARRICADE 11-7,218,218
2/2/2021,BARRICADE 14-01V,128.92,0
2/2/2021,BARRICADE 1496-S26-05V,166.62,166.62
2/2/2021,BARRICADE 1496-S26-16V,210.12,210.12
2/2/2021,BARRICADE 1595-S31 CP,1356.08,0
2/2/2021,BARRICADE 1595-S31-11V,461.77,0
2/2/2021,BARRICADE 1595-S31-16V,954.75,0
2/2/2021,BARRICADE 21-11N1MH,292.36,0
2/2/2021,BARRICADE 22-06 CP,528.96,0
2/2/2021,BARRICADE 22-06-4H,379.01,0
2/2/2021,BARRICADE 22-06-5H,244.73,0
2/2/2021,BARRICADE 23-31 CP,812.31,0
2/2/2021,BARRICADE 23-31-2H,126.3,0
2/2/2021,BARRICADE 23-31-3H,747.02,0
2/2/2021,BARRICADE 24-36 CP,1068,0
2/2/2021,BARRICADE 24-36S1LH,299.04,0
2/2/2021,BARRICADE 24-36S2MH,714.13,0
2/2/2021,BARRICADE 32NE-6D,162.95,162.95
2/2/2021,BARRICADE 34-24V,123,0
2/2/2021,BARRICADE 41-01,93,0
2/2/2021,BARRICADE 41-6 5 CP,1766.75,0
2/2/2021,BARRICADE 41-6S1LH,828.88,0
2/2/2021,BARRICADE 41-6S1MH,745.27,0
2/2/2021,BARRICADE 41SW-6D,165.33,0
2/2/2021,BARRICADE 41SW/32NE TB,,
2/2/2021,BARRICADE UNIT 14-01 CP,677.19,0
2/2/2021,BARRICADE UNIT 14-01H,621.35,0
2/2/2021,BARRICADE UNIT 24-36,140.13,0
2/2/2021,BARRICADE UNIT 33-12,121,121
2/2/2021,BARRICADE UNIT 44-1 SWD INFO ONLY,0,0
2/2/2021,CEPO FEDERAL 20-17,1091.55,0
2/2/2021,CEPO FEDERAL 23-7,155.56,0
2/2/2021,CEPO FEDERAL 3-19ST,0,0
2/2/2021,ENDURANCE 11-21-1V,167,0
2/2/2021,ENDURANCE 1595 S29-18V,345.81,0
2/2/2021,ENDURANCE 1595 S29-29V,149.6,0
2/2/2021,ENDURANCE 1595 S32-13V,192.3,0
2/2/2021,ENDURANCE 1595 S32-19V,181.99,0
2/2/2021,ENDURANCE 1595 S32-21V,102.13,0
2/2/2021,ENDURANCE 1595 S32-25V,236.9,0
2/2/2021,ENDURANCE 1595 S32-26V,570.49,0
2/2/2021,ENDURANCE 1595-S32-29S NW1 CP,1570.99,1432
2/2/2021,ENDURANCE 21-32,12.04,0
2/2/2021,ENDURANCE 41-29S1 CP,875.02,0
2/2/2021,ENDURANCE 41-29S1LH,233.68,0
2/2/2021,ENDURANCE 41-29S1MH,158,0
2/2/2021,ENDURANCE 41-29S1UH,592.69,0
2/2/2021,ENDURANCE 42-10 INJ INFO ONLY,,
2/2/2021,ENDURANCE 42-30-1V,56,0
2/2/2021,ENDURANCE 44-32,201.55,0
2/2/2021,ENDURANCE UNIT 23-5,147.14,0
2/2/2021,ENDURANCE UNIT 42-5,150,150
2/2/2021,ENDURANCE UNIT 44-29,82.74,0
2/2/2021,ENDURANCE/WEST SLOPE 32 CP,197,197
2/2/2021,FTUN 1495 S08-23V,1684.95,0
2/2/2021,FTUN 1495 S08-24V,1111.31,0
2/2/2021,FTUN 1495 S08-SW1 CP,5646.29,0
2/2/2021,FTUN 1495 S17-02V,1411.33,0
2/2/2021,FTUN 1495 S17-03V,1352.58,0
2/2/2021,PM-PB-05V-16V CP,710,710
2/2/2021,POLAR BAR 2,261.59,0
2/2/2021,POWDER MOUNTAIN UNIT 34-26X,46.59,46.59
2/2/2021,WEST SLOPE UNIT 33-32,77.28,0
2/3/2021,BARRICADE 11-7,221,221
2/3/2021,BARRICADE 14-01V,125.43,0
2/3/2021,BARRICADE 1496-S26-05V,173.22,173.22
2/3/2021,BARRICADE 1496-S26-16V,209.22,209.22
2/3/2021,BARRICADE 1595-S31 CP,1359.11,0
2/3/2021,BARRICADE 1595-S31-11V,464.66,0
2/3/2021,BARRICADE 1595-S31-16V,954.3,0
2/3/2021,BARRICADE 21-11N1MH,258.04,0
2/3/2021,BARRICADE 22-06 CP,531.83,0
2/3/2021,BARRICADE 22-06-4H,383.62,0
2/3/2021,BARRICADE 22-06-5H,242.78,0
2/3/2021,BARRICADE 23-31 CP,800.96,0
2/3/2021,BARRICADE 23-31-2H,102.44,0
2/3/2021,BARRICADE 23-31-3H,752.97,0
2/3/2021,BARRICADE 24-36 CP,1047,0
2/3/2021,BARRICADE 24-36S1LH,296.3,0
2/3/2021,BARRICADE 24-36S2MH,710.06,0
2/3/2021,BARRICADE 32NE-6D,169.9,169.9
2/3/2021,BARRICADE 34-24V,122,0
2/3/2021,BARRICADE 41-01,82,0
2/3/2021,BARRICADE 41-6 5 CP,1741.02,0
2/3/2021,BARRICADE 41-6S1LH,807.94,0
2/3/2021,BARRICADE 41-6S1MH,733.96,0
2/3/2021,BARRICADE 41SW-6D,162.96,0
2/3/2021,BARRICADE 41SW/32NE TB,,
2/3/2021,BARRICADE UNIT 14-01 CP,672.13,0
2/3/2021,BARRICADE UNIT 14-01H,617.44,0
2/3/2021,BARRICADE UNIT 24-36,136.41,0
2/3/2021,BARRICADE UNIT 33-12,119,119
2/3/2021,BARRICADE UNIT 44-1 SWD INFO ONLY,0,0
2/3/2021,CEPO FEDERAL 20-17,1086.56,0
2/3/2021,CEPO FEDERAL 23-7,154.83,0
2/3/2021,CEPO FEDERAL 3-19ST,0,0
2/3/2021,ENDURANCE 11-21-1V,47,0
2/3/2021,ENDURANCE 1595 S29-18V,341.16,0
2/3/2021,ENDURANCE 1595 S29-29V,139.1,0
2/3/2021,ENDURANCE 1595 S32-13V,184.72,0
2/3/2021,ENDURANCE 1595 S32-19V,149.85,0
2/3/2021,ENDURANCE 1595 S32-21V,159.61,0
2/3/2021,ENDURANCE 1595 S32-25V,237.31,0
2/3/2021,ENDURANCE 1595 S32-26V,567.79,0
2/3/2021,ENDURANCE 1595-S32-29S NW1 CP,1563.66,1424
2/3/2021,ENDURANCE 21-32,12.67,0
2/3/2021,ENDURANCE 41-29S1 CP,876.69,0
2/3/2021,ENDURANCE 41-29S1LH,237.85,0
2/3/2021,ENDURANCE 41-29S1MH,156.18,0
2/3/2021,ENDURANCE 41-29S1UH,592,0
2/3/2021,ENDURANCE 42-10 INJ INFO ONLY,,
2/3/2021,ENDURANCE 42-30-1V,72,0
2/3/2021,ENDURANCE 44-32,193.24,0
2/3/2021,ENDURANCE UNIT 23-5,147.67,0
2/3/2021,ENDURANCE UNIT 42-5,148,148
2/3/2021,ENDURANCE UNIT 44-29,113.86,0
2/3/2021,ENDURANCE/WEST SLOPE 32 CP,148,148
2/3/2021,FTUN 1495 S08-23V,1689.92,0
2/3/2021,FTUN 1495 S08-24V,1105.39,0
2/3/2021,FTUN 1495 S08-SW1 CP,5635.51,0
2/3/2021,FTUN 1495 S17-02V,1408.73,0
2/3/2021,FTUN 1495 S17-03V,1350.08,0
2/3/2021,PM-PB-05V-16V CP,655,655
2/3/2021,POLAR BAR 2,260.71,0
2/3/2021,POWDER MOUNTAIN UNIT 34-26X,59.26,59.26
2/3/2021,WEST SLOPE UNIT 33-32,81.51,0
2/4/2021,BARRICADE 11-7,224,224
2/4/2021,BARRICADE 14-01V,132.83,0
2/4/2021,BARRICADE 1496-S26-05V,164.54,164.54
2/4/2021,BARRICADE 1496-S26-16V,210.16,210.16
2/4/2021,BARRICADE 1595-S31 CP,1364.3,0
2/4/2021,BARRICADE 1595-S31-11V,466.12,0
2/4/2021,BARRICADE 1595-S31-16V,954.83,0
2/4/2021,BARRICADE 21-11N1MH,225.43,0
2/4/2021,BARRICADE 22-06 CP,532.69,0
2/4/2021,BARRICADE 22-06-4H,382.38,0
2/4/2021,BARRICADE 22-06-5H,242.93,0
2/4/2021,BARRICADE 23-31 CP,844.5,0
2/4/2021,BARRICADE 23-31-2H,146.63,0
2/4/2021,BARRICADE 23-31-3H,750.89,0
2/4/2021,BARRICADE 24-36 CP,1048,0
2/4/2021,BARRICADE 24-36S1LH,296.67,0
2/4/2021,BARRICADE 24-36S2MH,702.91,0
2/4/2021,BARRICADE 32NE-6D,170.91,170.91
2/4/2021,BARRICADE 34-24V,123,0
2/4/2021,BARRICADE 41-01,93,0
2/4/2021,BARRICADE 41-6 5 CP,1757.47,0
2/4/2021,BARRICADE 41-6S1LH,820.16,0
2/4/2021,BARRICADE 41-6S1MH,725.25,0
2/4/2021,BARRICADE 41SW-6D,162.23,0
2/4/2021,BARRICADE 41SW/32NE TB,,
2/4/2021,BARRICADE UNIT 14-01 CP,673.98,0
2/4/2021,BARRICADE UNIT 14-01H,616.43,0
2/4/2021,BARRICADE UNIT 24-36,137.15,0
2/4/2021,BARRICADE UNIT 33-12,112,112
2/4/2021,BARRICADE UNIT 44-1 SWD INFO ONLY,0,0
2/4/2021,CEPO FEDERAL 20-17,1083.01,0
2/4/2021,CEPO FEDERAL 23-7,155,0
2/4/2021,CEPO FEDERAL 3-19ST,0,0
2/4/2021,ENDURANCE 11-21-1V,40,0
2/4/2021,ENDURANCE 1595 S29-18V,314.22,0
2/4/2021,ENDURANCE 1595 S29-29V,141.75,0
2/4/2021,ENDURANCE 1595 S32-13V,180.55,0
2/4/2021,ENDURANCE 1595 S32-19V,153.47,0
2/4/2021,ENDURANCE 1595 S32-21V,173.99,0
2/4/2021,ENDURANCE 1595 S32-25V,237.72,0
2/4/2021,ENDURANCE 1595 S32-26V,473.16,0
2/4/2021,ENDURANCE 1595-S32-29S NW1 CP,1446.96,1317
2/4/2021,ENDURANCE 21-32,5.87,0
2/4/2021,ENDURANCE 41-29S1 CP,889.7,0
2/4/2021,ENDURANCE 41-29S1LH,244.65,0
2/4/2021,ENDURANCE 41-29S1MH,160.32,0
2/4/2021,ENDURANCE 41-29S1UH,593.8,0
2/4/2021,ENDURANCE 42-10 INJ INFO ONLY,,
2/4/2021,ENDURANCE 42-30-1V,56,0
2/4/2021,ENDURANCE 44-32,172.12,0
2/4/2021,ENDURANCE UNIT 23-5,150.08,0
2/4/2021,ENDURANCE UNIT 42-5,132,132
2/4/2021,ENDURANCE UNIT 44-29,111.27,0
2/4/2021,ENDURANCE/WEST SLOPE 32 CP,147,147
2/4/2021,FTUN 1495 S08-23V,1660.56,0
2/4/2021,FTUN 1495 S08-24V,1069.5,0
2/4/2021,FTUN 1495 S08-SW1 CP,5627.37,0
2/4/2021,FTUN 1495 S17-02V,1370,0
2/4/2021,FTUN 1495 S17-03V,1309.37,0
2/4/2021,PM-PB-05V-16V CP,636,636
2/4/2021,POLAR BAR 2,259.52,0
2/4/2021,POWDER MOUNTAIN UNIT 34-26X,22.3,22.3
2/4/2021,WEST SLOPE UNIT 33-32,51.58,0
2/5/2021,BARRICADE 11-7,214,214
2/5/2021,BARRICADE 14-01V,115.29,0
2/5/2021,BARRICADE 1496-S26-05V,160.74,160.74
2/5/2021,BARRICADE 1496-S26-16V,202.56,202.56
2/5/2021,BARRICADE 1595-S31 CP,1323.16,0
2/5/2021,BARRICADE 1595-S31-11V,458.09,0
2/5/2021,BARRICADE 1595-S31-16V,927.5,0
2/5/2021,BARRICADE 21-11N1MH,238.26,0
2/5/2021,BARRICADE 22-06 CP,524.32,0
2/5/2021,BARRICADE 22-06-4H,383.85,0
2/5/2021,BARRICADE 22-06-5H,235.11,0
2/5/2021,BARRICADE 23-31 CP,866.22,0
2/5/2021,BARRICADE 23-31-2H,182.44,0
2/5/2021,BARRICADE 23-31-3H,747.58,0
2/5/2021,BARRICADE 24-36 CP,1049,0
2/5/2021,BARRICADE 24-36S1LH,296.89,0
2/5/2021,BARRICADE 24-36S2MH,692.26,0
2/5/2021,BARRICADE 32NE-6D,163.28,163.28
2/5/2021,BARRICADE 34-24V,116,0
2/5/2021,BARRICADE 41-01,94,0
2/5/2021,BARRICADE 41-6 5 CP,1737.85,0
2/5/2021,BARRICADE 41-6S1LH,837.3,0
2/5/2021,BARRICADE 41-6S1MH,712.64,0
2/5/2021,BARRICADE 41SW-6D,152.88,0
2/5/2021,BARRICADE 41SW/32NE TB,,
2/5/2021,BARRICADE UNIT 14-01 CP,657.6,0
2/5/2021,BARRICADE UNIT 14-01H,613.75,0
2/5/2021,BARRICADE UNIT 24-36,146.02,0
2/5/2021,BARRICADE UNIT 33-12,120,120
2/5/2021,BARRICADE UNIT 44-1 SWD INFO ONLY,0,0
2/5/2021,CEPO FEDERAL 20-17,1079.79,0
2/5/2021,CEPO FEDERAL 23-7,151.31,0
2/5/2021,CEPO FEDERAL 3-19ST,0,0
2/5/2021,ENDURANCE 11-21-1V,109,0
2/5/2021,ENDURANCE 1595 S29-18V,340.73,0
2/5/2021,ENDURANCE 1595 S29-29V,142.99,0
2/5/2021,ENDURANCE 1595 S32-13V,175.97,0
2/5/2021,ENDURANCE 1595 S32-19V,200.33,0
2/5/2021,ENDURANCE 1595 S32-21V,163.46,0
2/5/2021,ENDURANCE 1595 S32-25V,226.23,0
2/5/2021,ENDURANCE 1595 S32-26V,516.93,0
2/5/2021,ENDURANCE 1595-S32-29S NW1 CP,1597.04,1468
2/5/2021,ENDURANCE 21-32,0.27,0
2/5/2021,ENDURANCE 41-29S1 CP,878,0
2/5/2021,ENDURANCE 41-29S1LH,217.85,0
2/5/2021,ENDURANCE 41-29S1MH,147.31,0
2/5/2021,ENDURANCE 41-29S1UH,594.79,0
2/5/2021,ENDURANCE 42-10 INJ INFO ONLY,,
2/5/2021,ENDURANCE 42-30-1V,69,0
2/5/2021,ENDURANCE 44-32,194.08,0
2/5/2021,ENDURANCE UNIT 23-5,148.24,0
2/5/2021,ENDURANCE UNIT 42-5,162,162
2/5/2021,ENDURANCE UNIT 44-29,109.93,0
2/5/2021,ENDURANCE/WEST SLOPE 32 CP,144,144
2/5/2021,FTUN 1495 S08-23V,1693.75,0
2/5/2021,FTUN 1495 S08-24V,1104.43,0
2/5/2021,FTUN 1495 S08-SW1 CP,5508.14,0
2/5/2021,FTUN 1495 S17-02V,1407.89,0
2/5/2021,FTUN 1495 S17-03V,1334.88,0
2/5/2021,PM-PB-05V-16V CP,627,627
2/5/2021,POLAR BAR 2,253.68,0
2/5/2021,POWDER MOUNTAIN UNIT 34-26X,30.33,30.33
2/5/2021,WEST SLOPE UNIT 33-32,28.31,0
2/6/2021,BARRICADE 11-7,226,226
2/6/2021,BARRICADE 14-01V,113.67,0
2/6/2021,BARRICADE 1496-S26-05V,124.99,124.99
2/6/2021,BARRICADE 1496-S26-16V,208.99,208.99
2/6/2021,BARRICADE 1595-S31 CP,1368.76,0
2/6/2021,BARRICADE 1595-S31-11V,466.92,0
2/6/2021,BARRICADE 1595-S31-16V,968.81,0
2/6/2021,BARRICADE 21-11N1MH,225.16,0
2/6/2021,BARRICADE 22-06 CP,524.6,0
2/6/2021,BARRICADE 22-06-4H,383,0
2/6/2021,BARRICADE 22-06-5H,235.5,0
2/6/2021,BARRICADE 23-31 CP,858.42,0
2/6/2021,BARRICADE 23-31-2H,157.98,0
2/6/2021,BARRICADE 23-31-3H,757.1,0
2/6/2021,BARRICADE 24-36 CP,1052,0
2/6/2021,BARRICADE 24-36S1LH,302.79,0
2/6/2021,BARRICADE 24-36S2MH,697.62,0
2/6/2021,BARRICADE 32NE-6D,173.41,173.41
2/6/2021,BARRICADE 34-24V,127,0
2/6/2021,BARRICADE 41-01,97,0
2/6/2021,BARRICADE 41-6 5 CP,1720.65,0
2/6/2021,BARRICADE 41-6S1LH,817.82,0
2/6/2021,BARRICADE 41-6S1MH,711.07,0
2/6/2021,BARRICADE 41SW-6D,158.28,0
2/6/2021,BARRICADE 41SW/32NE TB,,
2/6/2021,BARRICADE UNIT 14-01 CP,539.01,0
2/6/2021,BARRICADE UNIT 14-01H,611.02,0
2/6/2021,BARRICADE UNIT 24-36,138.9,0
2/6/2021,BARRICADE UNIT 33-12,119,119
2/6/2021,BARRICADE UNIT 44-1 SWD INFO ONLY,0,0
2/6/2021,CEPO FEDERAL 20-17,1090.95,0
2/6/2021,CEPO FEDERAL 23-7,150.05,0
2/6/2021,CEPO FEDERAL 3-19ST,0,0
2/6/2021,ENDURANCE 11-21-1V,37,0
2/6/2021,ENDURANCE 1595 S29-18V,334.12,0
2/6/2021,ENDURANCE 1595 S29-29V,142.55,0
2/6/2021,ENDURANCE 1595 S32-13V,185.3,0
2/6/2021,ENDURANCE 1595 S32-19V,199.71,0
2/6/2021,ENDURANCE 1595 S32-21V,161.96,0
2/6/2021,ENDURANCE 1595 S32-25V,226,0
2/6/2021,ENDURANCE 1595 S32-26V,580.75,0
2/6/2021,ENDURANCE 1595-S32-29S NW1 CP,1618.37,1488
2/6/2021,ENDURANCE 21-32,27.86,0
2/6/2021,ENDURANCE 41-29S1 CP,878.75,0
2/6/2021,ENDURANCE 41-29S1LH,238.59,0
2/6/2021,ENDURANCE 41-29S1MH,158.91,0
2/6/2021,ENDURANCE 41-29S1UH,594.36,0
2/6/2021,ENDURANCE 42-10 INJ INFO ONLY,,
2/6/2021,ENDURANCE 42-30-1V,63,0
2/6/2021,ENDURANCE 44-32,210.34,0
2/6/2021,ENDURANCE UNIT 23-5,143.37,0
2/6/2021,ENDURANCE UNIT 42-5,160,160
2/6/2021,ENDURANCE UNIT 44-29,108.5,0
2/6/2021,ENDURANCE/WEST SLOPE 32 CP,144,144
2/6/2021,FTUN 1495 S08-23V,1699.75,0
2/6/2021,FTUN 1495 S08-24V,1100.96,0
2/6/2021,FTUN 1495 S08-SW1 CP,5607.59,0
2/6/2021,FTUN 1495 S17-02V,1404.42,0
2/6/2021,FTUN 1495 S17-03V,1337.08,0
2/6/2021,PM-PB-05V-16V CP,635,635
2/6/2021,POLAR BAR 2,259.24,0
2/6/2021,POWDER MOUNTAIN UNIT 34-26X,25.15,25.15
2/6/2021,WEST SLOPE UNIT 33-32,28.31,0
2/7/2021,BARRICADE 11-7,214,214
2/7/2021,BARRICADE 14-01V,119.94,0
2/7/2021,BARRICADE 1496-S26-05V,142.5,142.5
2/7/2021,BARRICADE 1496-S26-16V,213.45,213.45
2/7/2021,BARRICADE 1595-S31 CP,1347.38,0
2/7/2021,BARRICADE 1595-S31-11V,467.77,0
2/7/2021,BARRICADE 1595-S31-16V,945.87,0
2/7/2021,BARRICADE 21-11N1MH,249.86,0
2/7/2021,BARRICADE 22-06 CP,525.09,0
2/7/2021,BARRICADE 22-06-4H,383,0
2/7/2021,BARRICADE 22-06-5H,234.02,0
2/7/2021,BARRICADE 23-31 CP,850.36,0
2/7/2021,BARRICADE 23-31-2H,159.02,0
2/7/2021,BARRICADE 23-31-3H,758.28,0
2/7/2021,BARRICADE 24-36 CP,1023,0
2/7/2021,BARRICADE 24-36S1LH,296.65,0
2/7/2021,BARRICADE 24-36S2MH,697.4,0
2/7/2021,BARRICADE 32NE-6D,167.4,167.4
2/7/2021,BARRICADE 34-24V,120,0
2/7/2021,BARRICADE 41-01,102,0
2/7/2021,BARRICADE 41-6 5 CP,1707.92,0
2/7/2021,BARRICADE 41-6S1LH,824.43,0
2/7/2021,BARRICADE 41-6S1MH,715.19,0
2/7/2021,BARRICADE 41SW-6D,127.96,0
2/7/2021,BARRICADE 41SW/32NE TB,,
2/7/2021,BARRICADE UNIT 14-01 CP,578.67,0
2/7/2021,BARRICADE UNIT 14-01H,599.89,0
2/7/2021,BARRICADE UNIT 24-36,141.91,0
2/7/2021,BARRICADE UNIT 33-12,121,121
2/7/2021,BARRICADE UNIT 44-1 SWD INFO ONLY,0,0
2/7/2021,CEPO FEDERAL 20-17,1096.11,0
2/7/2021,CEPO FEDERAL 23-7,154.53,0
2/7/2021,CEPO FEDERAL 3-19ST,0,0
2/7/2021,ENDURANCE 11-21-1V,165,0
2/7/2021,ENDURANCE 1595 S29-18V,333.54,0
2/7/2021,ENDURANCE 1595 S29-29V,140.92,0
2/7/2021,ENDURANCE 1595 S32-13V,179.71,0
2/7/2021,ENDURANCE 1595 S32-19V,192.03,0
2/7/2021,ENDURANCE 1595 S32-21V,167.54,0
2/7/2021,ENDURANCE 1595 S32-25V,222.58,0
2/7/2021,ENDURANCE 1595 S32-26V,560.6,0
2/7/2021,ENDURANCE 1595-S32-29S NW1 CP,1603.01,1472
2/7/2021,ENDURANCE 21-32,7.96,0
2/7/2021,ENDURANCE 41-29S1 CP,0,0
2/7/2021,ENDURANCE 41-29S1LH,202.08,0
2/7/2021,ENDURANCE 41-29S1MH,163.3,0
2/7/2021,ENDURANCE 41-29S1UH,596.1,0
2/7/2021,ENDURANCE 42-10 INJ INFO ONLY,,
2/7/2021,ENDURANCE 42-30-1V,43,0
2/7/2021,ENDURANCE 44-32,205.76,0
2/7/2021,ENDURANCE UNIT 23-5,140.85,0
2/7/2021,ENDURANCE UNIT 42-5,156,156
2/7/2021,ENDURANCE UNIT 44-29,54.62,0
2/7/2021,ENDURANCE/WEST SLOPE 32 CP,147,147
2/7/2021,FTUN 1495 S08-23V,1695.87,0
2/7/2021,FTUN 1495 S08-24V,1094.91,0
2/7/2021,FTUN 1495 S08-SW1 CP,5601.63,0
2/7/2021,FTUN 1495 S17-02V,1395.34,0
2/7/2021,FTUN 1495 S17-03V,1330.05,0
2/7/2021,PM-PB-05V-16V CP,636,636
2/7/2021,POLAR BAR 2,262.58,0
2/7/2021,POWDER MOUNTAIN UNIT 34-26X,16.77,16.77
2/7/2021,WEST SLOPE UNIT 33-32,24.62,0
2/8/2021,BARRICADE 11-7,219,219
2/8/2021,BARRICADE 14-01V,121.39,0
2/8/2021,BARRICADE 1496-S26-05V,165.77,165.77
2/8/2021,BARRICADE 1496-S26-16V,209.53,209.53
2/8/2021,BARRICADE 1595-S31 CP,1358.48,0
2/8/2021,BARRICADE 1595-S31-11V,456.55,0
2/8/2021,BARRICADE 1595-S31-16V,964.36,0
2/8/2021,BARRICADE 21-11N1MH,247.53,0
2/8/2021,BARRICADE 22-06 CP,524.75,0
2/8/2021,BARRICADE 22-06-4H,382,0
2/8/2021,BARRICADE 22-06-5H,233.64,0
2/8/2021,BARRICADE 23-31 CP,846.93,0
2/8/2021,BARRICADE 23-31-2H,152.9,0
2/8/2021,BARRICADE 23-31-3H,756.14,0
2/8/2021,BARRICADE 24-36 CP,1054,0
2/8/2021,BARRICADE 24-36S1LH,302.46,0
2/8/2021,BARRICADE 24-36S2MH,698.91,0
2/8/2021,BARRICADE 32NE-6D,169.09,169.09
2/8/2021,BARRICADE 34-24V,119,0
2/8/2021,BARRICADE 41-01,100,0
2/8/2021,BARRICADE 41-6 5 CP,1695.56,0
2/8/2021,BARRICADE 41-6S1LH,847.89,0
2/8/2021,BARRICADE 41-6S1MH,732.78,0
2/8/2021,BARRICADE 41SW-6D,80.58,0
2/8/2021,BARRICADE 41SW/32NE TB,,
2/8/2021,BARRICADE UNIT 14-01 CP,651.91,0
2/8/2021,BARRICADE UNIT 14-01H,609.88,0
2/8/2021,BARRICADE UNIT 24-36,136.74,0
2/8/2021,BARRICADE UNIT 33-12,115,115
2/8/2021,BARRICADE UNIT 44-1 SWD INFO ONLY,0,0
2/8/2021,CEPO FEDERAL 20-17,1079.82,0
2/8/2021,CEPO FEDERAL 23-7,148.63,0
2/8/2021,CEPO FEDERAL 3-19ST,0,0
2/8/2021,ENDURANCE 11-21-1V,61,0
2/8/2021,ENDURANCE 1595 S29-18V,335.91,0
2/8/2021,ENDURANCE 1595 S29-29V,142.09,0
2/8/2021,ENDURANCE 1595 S32-13V,182.18,0
2/8/2021,ENDURANCE 1595 S32-19V,191.96,0
2/8/2021,ENDURANCE 1595 S32-21V,158.27,0
2/8/2021,ENDURANCE 1595 S32-25V,222.7,0
2/8/2021,ENDURANCE 1595 S32-26V,552.67,0
2/8/2021,ENDURANCE 1595-S32-29S NW1 CP,1602.79,1472
2/8/2021,ENDURANCE 21-32,3.3,0
2/8/2021,ENDURANCE 41-29S1 CP,876.6,0
2/8/2021,ENDURANCE 41-29S1LH,221.82,0
2/8/2021,ENDURANCE 41-29S1MH,151.17,0
2/8/2021,ENDURANCE 41-29S1UH,596.42,0
2/8/2021,ENDURANCE 42-10 INJ INFO ONLY,,
2/8/2021,ENDURANCE 42-30-1V,91,0
2/8/2021,ENDURANCE 44-32,200.29,0
2/8/2021,ENDURANCE UNIT 23-5,137.56,0
2/8/2021,ENDURANCE UNIT 42-5,155,155
2/8/2021,ENDURANCE UNIT 44-29,100.83,0
2/8/2021,ENDURANCE/WEST SLOPE 32 CP,135,135
2/8/2021,FTUN 1495 S08-23V,1689.21,0
2/8/2021,FTUN 1495 S08-24V,1087.02,0
2/8/2021,FTUN 1495 S08-SW1 CP,5575.33,0
2/8/2021,FTUN 1495 S17-02V,1384.43,0
2/8/2021,FTUN 1495 S17-03V,1321.47,0
2/8/2021,PM-PB-05V-16V CP,641,641
2/8/2021,POLAR BAR 2,248.36,0
2/8/2021,POWDER MOUNTAIN UNIT 34-26X,18.69,18.69
2/8/2021,WEST SLOPE UNIT 33-32,43.97,0
2/9/2021,BARRICADE 11-7,221,221
2/9/2021,BARRICADE 14-01V,133.31,0
2/9/2021,BARRICADE 1496-S26-05V,164.03,164.03
2/9/2021,BARRICADE 1496-S26-16V,206.2,206.2
2/9/2021,BARRICADE 1595-S31 CP,1366.39,0
2/9/2021,BARRICADE 1595-S31-11V,467.12,0
2/9/2021,BARRICADE 1595-S31-16V,959.63,0
2/9/2021,BARRICADE 21-11N1MH,282.13,0
2/9/2021,BARRICADE 22-06 CP,522.53,0
2/9/2021,BARRICADE 22-06-4H,386,0
2/9/2021,BARRICADE 22-06-5H,230.9,0
2/9/2021,BARRICADE 23-31 CP,842.62,0
2/9/2021,BARRICADE 23-31-2H,155.06,0
2/9/2021,BARRICADE 23-31-3H,754.99,0
2/9/2021,BARRICADE 24-36 CP,1031,0
2/9/2021,BARRICADE 24-36S1LH,269.74,0
2/9/2021,BARRICADE 24-36S2MH,694.17,0
2/9/2021,BARRICADE 32NE-6D,168.09,168.09
2/9/2021,BARRICADE 34-24V,124,0
2/9/2021,BARRICADE 41-01,94,0
2/9/2021,BARRICADE 41-6 5 CP,1624.81,0
2/9/2021,BARRICADE 41-6S1LH,821.78,0
2/9/2021,BARRICADE 41-6S1MH,723.97,0
2/9/2021,BARRICADE 41SW-6D,45.18,0
2/9/2021,BARRICADE 41SW/32NE TB,,
2/9/2021,BARRICADE UNIT 14-01 CP,656.65,0
2/9/2021,BARRICADE UNIT 14-01H,606.6,0
2/9/2021,BARRICADE UNIT 24-36,143.39,0
2/9/2021,BARRICADE UNIT 33-12,114,114
2/9/2021,BARRICADE UNIT 44-1 SWD INFO ONLY,0,0
2/9/2021,CEPO FEDERAL 20-17,1108.17,0
2/9/2021,CEPO FEDERAL 23-7,155.24,0
2/9/2021,CEPO FEDERAL 3-19ST,0,0
2/9/2021,ENDURANCE 11-21-1V,47,0
2/9/2021,ENDURANCE 1595 S29-18V,306.49,0
2/9/2021,ENDURANCE 1595 S29-29V,128.09,0
2/9/2021,ENDURANCE 1595 S32-13V,168.9,0
2/9/2021,ENDURANCE 1595 S32-19V,177.93,0
2/9/2021,ENDURANCE 1595 S32-21V,145.52,0
2/9/2021,ENDURANCE 1595 S32-25V,212.21,0
2/9/2021,ENDURANCE 1595 S32-26V,361.53,0
2/9/2021,ENDURANCE 1595-S32-29S NW1 CP,1339.21,1209
2/9/2021,ENDURANCE 21-32,3.35,0
2/9/2021,ENDURANCE 41-29S1 CP,862.7,0
2/9/2021,ENDURANCE 41-29S1LH,238.4,0
2/9/2021,ENDURANCE 41-29S1MH,154.41,0
2/9/2021,ENDURANCE 41-29S1UH,596.15,0
2/9/2021,ENDURANCE 42-10 INJ INFO ONLY,,
2/9/2021,ENDURANCE 42-30-1V,28,0
2/9/2021,ENDURANCE 44-32,190.83,0
2/9/2021,ENDURANCE UNIT 23-5,138.22,0
2/9/2021,ENDURANCE UNIT 42-5,130,130
2/9/2021,ENDURANCE UNIT 44-29,87.33,0
2/9/2021,ENDURANCE/WEST SLOPE 32 CP,134,134
2/9/2021,FTUN 1495 S08-23V,1584.07,0
2/9/2021,FTUN 1495 S08-24V,972.38,0
2/9/2021,FTUN 1495 S08-SW1 CP,5547.17,0
2/9/2021,FTUN 1495 S17-02V,1238.5,0
2/9/2021,FTUN 1495 S17-03V,1188.82,0
2/9/2021,PM-PB-05V-16V CP,425,425
2/9/2021,POLAR BAR 2,257.37,0
2/9/2021,POWDER MOUNTAIN UNIT 34-26X,15.93,15.93
2/9/2021,WEST SLOPE UNIT 33-32,18.12,0
2/10/2021,BARRICADE 11-7,211,211
2/10/2021,BARRICADE 14-01V,95.86,0
2/10/2021,BARRICADE 1496-S26-05V,91.48,91.48
2/10/2021,BARRICADE 1496-S26-16V,128.85,128.85
2/10/2021,BARRICADE 1595-S31 CP,1259.94,0
2/10/2021,BARRICADE 1595-S31-11V,466.93,0
2/10/2021,BARRICADE 1595-S31-16V,865.87,0
2/10/2021,BARRICADE 21-11N1MH,239,0
2/10/2021,BARRICADE 22-06 CP,516.36,0
2/10/2021,BARRICADE 22-06-4H,385,0
2/10/2021,BARRICADE 22-06-5H,231.7,0
2/10/2021,BARRICADE 23-31 CP,797.19,0
2/10/2021,BARRICADE 23-31-2H,151.37,0
2/10/2021,BARRICADE 23-31-3H,725.82,0
2/10/2021,BARRICADE 24-36 CP,1047,0
2/10/2021,BARRICADE 24-36S1LH,322.68,0
2/10/2021,BARRICADE 24-36S2MH,694.63,0
2/10/2021,BARRICADE 32NE-6D,155.66,155.66
2/10/2021,BARRICADE 34-24V,122,0
2/10/2021,BARRICADE 41-01,95,0
2/10/2021,BARRICADE 41-6 5 CP,1583.69,0
2/10/2021,BARRICADE 41-6S1LH,826.31,0
2/10/2021,BARRICADE 41-6S1MH,719.72,0
2/10/2021,BARRICADE 41SW-6D,21.28,0
2/10/2021,BARRICADE 41SW/32NE TB,,
2/10/2021,BARRICADE UNIT 14-01 CP,623.66,0
2/10/2021,BARRICADE UNIT 14-01H,603.45,0
2/10/2021,BARRICADE UNIT 24-36,133.2,0
2/10/2021,BARRICADE UNIT 33-12,124,124
2/10/2021,BARRICADE UNIT 44-1 SWD INFO ONLY,0,0
2/10/2021,CEPO FEDERAL 20-17,1102.24,0
2/10/2021,CEPO FEDERAL 23-7,152.49,0
2/10/2021,CEPO FEDERAL 3-19ST,0,0
2/10/2021,ENDURANCE 11-21-1V,175,0
2/10/2021,ENDURANCE 1595 S29-18V,340.61,0
2/10/2021,ENDURANCE 1595 S29-29V,141.13,0
2/10/2021,ENDURANCE 1595 S32-13V,177.54,0
2/10/2021,ENDURANCE 1595 S32-19V,0,0
2/10/2021,ENDURANCE 1595 S32-21V,168.01,0
2/10/2021,ENDURANCE 1595 S32-25V,230.53,0
2/10/2021,ENDURANCE 1595 S32-26V,333.04,0
2/10/2021,ENDURANCE 1595-S32-29S NW1 CP,1363.95,1229
2/10/2021,ENDURANCE 21-32,4.58,0
2/10/2021,ENDURANCE 41-29S1 CP,862.72,0
2/10/2021,ENDURANCE 41-29S1LH,225.62,0
2/10/2021,ENDURANCE 41-29S1MH,157.72,0
2/10/2021,ENDURANCE 41-29S1UH,598.22,0
2/10/2021,ENDURANCE 42-10 INJ INFO ONLY,,
2/10/2021,ENDURANCE 42-30-1V,99,0
2/10/2021,ENDURANCE 44-32,192.54,0
2/10/2021,ENDURANCE UNIT 23-5,135.32,0
2/10/2021,ENDURANCE UNIT 42-5,162,162
2/10/2021,ENDURANCE UNIT 44-29,86.31,0
2/10/2021,ENDURANCE/WEST SLOPE 32 CP,116,116
2/10/2021,FTUN 1495 S08-23V,1628.78,0
2/10/2021,FTUN 1495 S08-24V,1013.57,0
2/10/2021,FTUN 1495 S08-SW1 CP,5069.01,0
2/10/2021,FTUN 1495 S17-02V,1323.55,0
2/10/2021,FTUN 1495 S17-03V,1172.56,0
2/10/2021,PM-PB-05V-16V CP,367,367
2/10/2021,POLAR BAR 2,214.99,0
2/10/2021,POWDER MOUNTAIN UNIT 34-26X,6.6,6.6
2/10/2021,WEST SLOPE UNIT 33-32,22.85,0
2/11/2021,BARRICADE 11-7,224,224
2/11/2021,BARRICADE 14-01V,73.07,0
2/11/2021,BARRICADE 1496-S26-05V,56.59,56.59
2/11/2021,BARRICADE 1496-S26-16V,89.44,89.44
2/11/2021,BARRICADE 1595-S31 CP,1194.57,0
2/11/2021,BARRICADE 1595-S31-11V,457.4,0
2/11/2021,BARRICADE 1595-S31-16V,805.27,0
2/11/2021,BARRICADE 21-11N1MH,269.09,0
2/11/2021,BARRICADE 22-06 CP,519.87,0
2/11/2021,BARRICADE 22-06-4H,384.78,0
2/11/2021,BARRICADE 22-06-5H,229.25,0
2/11/2021,BARRICADE 23-31 CP,821.2,0
2/11/2021,BARRICADE 23-31-2H,150.8,0
2/11/2021,BARRICADE 23-31-3H,731.7,0
2/11/2021,BARRICADE 24-36 CP,1048,0
2/11/2021,BARRICADE 24-36S1LH,298.48,0
2/11/2021,BARRICADE 24-36S2MH,694.73,0
2/11/2021,BARRICADE 32NE-6D,165.99,165.99
2/11/2021,BARRICADE 34-24V,122,0
2/11/2021,BARRICADE 41-01,97,0
2/11/2021,BARRICADE 41-6 5 CP,1589.44,0
2/11/2021,BARRICADE 41-6S1LH,837.2,0
2/11/2021,BARRICADE 41-6S1MH,719.67,0
2/11/2021,BARRICADE 41SW-6D,0,0
2/11/2021,BARRICADE 41SW/32NE TB,,
2/11/2021,BARRICADE UNIT 14-01 CP,596.74,0
2/11/2021,BARRICADE UNIT 14-01H,602.05,0
2/11/2021,BARRICADE UNIT 24-36,140.5,0
2/11/2021,BARRICADE UNIT 33-12,123,123
2/11/2021,BARRICADE UNIT 44-1 SWD INFO ONLY,0,0
2/11/2021,CEPO FEDERAL 20-17,1091.81,0
2/11/2021,CEPO FEDERAL 23-7,155.58,0
2/11/2021,CEPO FEDERAL 3-19ST,0,0
2/11/2021,ENDURANCE 11-21-1V,150,0
2/11/2021,ENDURANCE 1595 S29-18V,330.44,0
2/11/2021,ENDURANCE 1595 S29-29V,140.04,0
2/11/2021,ENDURANCE 1595 S32-13V,167.42,0
2/11/2021,ENDURANCE 1595 S32-19V,194.8,0
2/11/2021,ENDURANCE 1595 S32-21V,154.12,0
2/11/2021,ENDURANCE 1595 S32-25V,226.11,0
2/11/2021,ENDURANCE 1595 S32-26V,626.98,0
2/11/2021,ENDURANCE 1595-S32-29S NW1 CP,1636.37,1502
2/11/2021,ENDURANCE 21-32,6.07,0
2/11/2021,ENDURANCE 41-29S1 CP,860,0
2/11/2021,ENDURANCE 41-29S1LH,219.87,0
2/11/2021,ENDURANCE 41-29S1MH,159.55,0
2/11/2021,ENDURANCE 41-29S1UH,597.56,0
2/11/2021,ENDURANCE 42-10 INJ INFO ONLY,,
2/11/2021,ENDURANCE 42-30-1V,43,0
2/11/2021,ENDURANCE 44-32,190.91,0
2/11/2021,ENDURANCE UNIT 23-5,147.2,0
2/11/2021,ENDURANCE UNIT 42-5,166,166
2/11/2021,ENDURANCE UNIT 44-29,31.8,0
2/11/2021,ENDURANCE/WEST SLOPE 32 CP,151,151
2/11/2021,FTUN 1495 S08-23V,1690.75,0
2/11/2021,FTUN 1495 S08-24V,1074.02,0
2/11/2021,FTUN 1495 S08-SW1 CP,5238.8,0
2/11/2021,FTUN 1495 S17-02V,1406.48,0
2/11/2021,FTUN 1495 S17-03V,1327.94,0
2/11/2021,PM-PB-05V-16V CP,724,724
2/11/2021,POLAR BAR 2,199.83,0
2/11/2021,POWDER MOUNTAIN UNIT 34-26X,0.07,0.07
2/11/2021,WEST SLOPE UNIT 33-32,0,0
2/12/2021,BARRICADE 11-7,207,207
2/12/2021,BARRICADE 14-01V,126.23,0
2/12/2021,BARRICADE 1496-S26-05V,174.96,174.96
2/12/2021,BARRICADE 1496-S26-16V,205.79,205.79
2/12/2021,BARRICADE 1595-S31 CP,1343.77,0
2/12/2021,BARRICADE 1595-S31-11V,465.74,0
2/12/2021,BARRICADE 1595-S31-16V,937.35,0
2/12/2021,BARRICADE 21-11N1MH,264.95,0
2/12/2021,BARRICADE 22-06 CP,518.47,0
2/12/2021,BARRICADE 22-06-4H,385.25,0
2/12/2021,BARRICADE 22-06-5H,226.43,0
2/12/2021,BARRICADE 23-31 CP,845.85,0
2/12/2021,BARRICADE 23-31-2H,142.12,0
2/12/2021,BARRICADE 23-31-3H,772.91,0
2/12/2021,BARRICADE 24-36 CP,1042,0
2/12/2021,BARRICADE 24-36S1LH,295.79,0
2/12/2021,BARRICADE 24-36S2MH,700.12,0
2/12/2021,BARRICADE 32NE-6D,151.14,151.14
2/12/2021,BARRICADE 34-24V,126,0
2/12/2021,BARRICADE 41-01,90,0
2/12/2021,BARRICADE 41-6 5 CP,1619.62,0
2/12/2021,BARRICADE 41-6S1LH,834.15,0
2/12/2021,BARRICADE 41-6S1MH,726.26,0
2/12/2021,BARRICADE 41SW-6D,43.87,0
2/12/2021,BARRICADE 41SW/32NE TB,,
2/12/2021,BARRICADE UNIT 14-01 CP,642.6,0
2/12/2021,BARRICADE UNIT 14-01H,602.42,0
2/12/2021,BARRICADE UNIT 24-36,137.94,0
2/12/2021,BARRICADE UNIT 33-12,125,125
2/12/2021,BARRICADE UNIT 44-1 SWD INFO ONLY,0,0
2/12/2021,CEPO FEDERAL 20-17,1087.1,0
2/12/2021,CEPO FEDERAL 23-7,157,0
2/12/2021,CEPO FEDERAL 3-19ST,0,0
2/12/2021,ENDURANCE 11-21-1V,236,0
2/12/2021,ENDURANCE 1595 S29-18V,331.7,0
2/12/2021,ENDURANCE 1595 S29-29V,134.82,0
2/12/2021,ENDURANCE 1595 S32-13V,184.21,0
2/12/2021,ENDURANCE 1595 S32-19V,182.47,0
2/12/2021,ENDURANCE 1595 S32-21V,172.01,0
2/12/2021,ENDURANCE 1595 S32-25V,226.97,0
2/12/2021,ENDURANCE 1595 S32-26V,489.25,0
2/12/2021,ENDURANCE 1595-S32-29S NW1 CP,1428.83,1297
2/12/2021,ENDURANCE 21-32,6.51,0
2/12/2021,ENDURANCE 41-29S1 CP,853,0
2/12/2021,ENDURANCE 41-29S1LH,217.59,0
2/12/2021,ENDURANCE 41-29S1MH,153.77,0
2/12/2021,ENDURANCE 41-29S1UH,595.86,0
2/12/2021,ENDURANCE 42-10 INJ INFO ONLY,,
2/12/2021,ENDURANCE 42-30-1V,57,0
2/12/2021,ENDURANCE 44-32,183.03,0
2/12/2021,ENDURANCE UNIT 23-5,165.12,0
2/12/2021,ENDURANCE UNIT 42-5,159,159
2/12/2021,ENDURANCE UNIT 44-29,65.85,0
2/12/2021,ENDURANCE/WEST SLOPE 32 CP,126,126
2/12/2021,FTUN 1495 S08-23V,1624.62,0
2/12/2021,FTUN 1495 S08-24V,981.21,0
2/12/2021,FTUN 1495 S08-SW1 CP,5573.43,0
2/12/2021,FTUN 1495 S17-02V,1304.49,0
2/12/2021,FTUN 1495 S17-03V,1240.27,0
2/12/2021,PM-PB-05V-16V CP,420,420
2/12/2021,POLAR BAR 2,259.69,0
2/12/2021,POWDER MOUNTAIN UNIT 34-26X,61.43,61.43
2/12/2021,WEST SLOPE UNIT 33-32,43.04,0
2/13/2021,BARRICADE 11-7,217,217
2/13/2021,BARRICADE 14-01V,81.15,0
2/13/2021,BARRICADE 1496-S26-05V,121.36,121.36
2/13/2021,BARRICADE 1496-S26-16V,85.55,85.55
2/13/2021,BARRICADE 1595-S31 CP,1238.4,0
2/13/2021,BARRICADE 1595-S31-11V,458.43,0
2/13/2021,BARRICADE 1595-S31-16V,846.67,0
2/13/2021,BARRICADE 21-11N1MH,237.43,0
2/13/2021,BARRICADE 22-06 CP,510.49,0
2/13/2021,BARRICADE 22-06-4H,382.82,0
2/13/2021,BARRICADE 22-06-5H,225.8,0
2/13/2021,BARRICADE 23-31 CP,819.68,0
2/13/2021,BARRICADE 23-31-2H,148.6,0
2/13/2021,BARRICADE 23-31-3H,751.36,0
2/13/2021,BARRICADE 24-36 CP,1045,0
2/13/2021,BARRICADE 24-36S1LH,297.69,0
2/13/2021,BARRICADE 24-36S2MH,697.53,0
2/13/2021,BARRICADE 32NE-6D,154.94,154.94
2/13/2021,BARRICADE 34-24V,117,0
2/13/2021,BARRICADE 41-01,88,0
2/13/2021,BARRICADE 41-6 5 CP,1658.54,0
2/13/2021,BARRICADE 41-6S1LH,812.86,0
2/13/2021,BARRICADE 41-6S1MH,733.1,0
2/13/2021,BARRICADE 41SW-6D,80.01,0
2/13/2021,BARRICADE 41SW/32NE TB,,
2/13/2021,BARRICADE UNIT 14-01 CP,611.5,0
2/13/2021,BARRICADE UNIT 14-01H,599.92,0
2/13/2021,BARRICADE UNIT 24-36,136.67,0
2/13/2021,BARRICADE UNIT 33-12,113,113
2/13/2021,BARRICADE UNIT 44-1 SWD INFO ONLY,0,0
2/13/2021,CEPO FEDERAL 20-17,1090.1,0
2/13/2021,CEPO FEDERAL 23-7,155,0
2/13/2021,CEPO FEDERAL 3-19ST,0,0
2/13/2021,ENDURANCE 11-21-1V,360,0
2/13/2021,ENDURANCE 1595 S29-18V,330.82,0
2/13/2021,ENDURANCE 1595 S29-29V,136.53,0
2/13/2021,ENDURANCE 1595 S32-13V,174.31,0
2/13/2021,ENDURANCE 1595 S32-19V,184.44,0
2/13/2021,ENDURANCE 1595 S32-21V,171.76,0
2/13/2021,ENDURANCE 1595 S32-25V,226.72,0
2/13/2021,ENDURANCE 1595 S32-26V,586.67,0
2/13/2021,ENDURANCE 1595-S32-29S NW1 CP,1611.06,1475
2/13/2021,ENDURANCE 21-32,5.2,0
2/13/2021,ENDURANCE 41-29S1 CP,853.76,0
2/13/2021,ENDURANCE 41-29S1LH,222.43,0
2/13/2021,ENDURANCE 41-29S1MH,155.16,0
2/13/2021,ENDURANCE 41-29S1UH,595.22,0
2/13/2021,ENDURANCE 42-10 INJ INFO ONLY,,
2/13/2021,ENDURANCE 42-30-1V,68,0
2/13/2021,ENDURANCE 44-32,190.86,0
2/13/2021,ENDURANCE UNIT 23-5,164.9,0
2/13/2021,ENDURANCE UNIT 42-5,156,156
2/13/2021,ENDURANCE UNIT 44-29,101.15,0
2/13/2021,ENDURANCE/WEST SLOPE 32 CP,138,138
2/13/2021,FTUN 1495 S08-23V,1665.68,0
2/13/2021,FTUN 1495 S08-24V,1048.15,0
2/13/2021,FTUN 1495 S08-SW1 CP,5230.5,0
2/13/2021,FTUN 1495 S17-02V,1365.29,0
2/13/2021,FTUN 1495 S17-03V,1295.35,0
2/13/2021,PM-PB-05V-16V CP,497,497
2/13/2021,POLAR BAR 2,204.57,0
2/13/2021,POWDER MOUNTAIN UNIT 34-26X,14.34,14.34
2/13/2021,WEST SLOPE UNIT 33-32,17.32,0
2/14/2021,BARRICADE 11-7,217,217
2/14/2021,BARRICADE 14-01V,80.78,0
2/14/2021,BARRICADE 1496-S26-05V,133.02,133.02
2/14/2021,BARRICADE 1496-S26-16V,128.31,128.31
2/14/2021,BARRICADE 1595-S31 CP,1307.68,0
2/14/2021,BARRICADE 1595-S31-11V,466.56,0
2/14/2021,BARRICADE 1595-S31-16V,909.48,0
2/14/2021,BARRICADE 21-11N1MH,250.76,0
2/14/2021,BARRICADE 22-06 CP,515.45,0
2/14/2021,BARRICADE 22-06-4H,385.03,0
2/14/2021,BARRICADE 22-06-5H,226.65,0
2/14/2021,BARRICADE 23-31 CP,824.45,0
2/14/2021,BARRICADE 23-31-2H,156.85,0
2/14/2021,BARRICADE 23-31-3H,734.18,0
2/14/2021,BARRICADE 24-36 CP,1212,0
2/14/2021,BARRICADE 24-36S1LH,297.46,0
2/14/2021,BARRICADE 24-36S2MH,696.39,0
2/14/2021,BARRICADE 32NE-6D,162.72,162.72
2/14/2021,BARRICADE 34-24V,120,0
2/14/2021,BARRICADE 41-01,90,0
2/14/2021,BARRICADE 41-6 5 CP,1732.78,0
2/14/2021,BARRICADE 41-6S1LH,820.65,0
2/14/2021,BARRICADE 41-6S1MH,721.27,0
2/14/2021,BARRICADE 41SW-6D,169.97,0
2/14/2021,BARRICADE 41SW/32NE TB,,
2/14/2021,BARRICADE UNIT 14-01 CP,596.52,0
2/14/2021,BARRICADE UNIT 14-01H,603.22,0
2/14/2021,BARRICADE UNIT 24-36,140.87,0
2/14/2021,BARRICADE UNIT 33-12,113,113
2/14/2021,BARRICADE UNIT 44-1 SWD INFO ONLY,0,0
2/14/2021,CEPO FEDERAL 20-17,1087.01,0
2/14/2021,CEPO FEDERAL 23-7,155,0
2/14/2021,CEPO FEDERAL 3-19ST,0,0
2/14/2021,ENDURANCE 11-21-1V,47,0
2/14/2021,ENDURANCE 1595 S29-18V,331.54,0
2/14/2021,ENDURANCE 1595 S29-29V,136.83,0
2/14/2021,ENDURANCE 1595 S32-13V,178.53,0
2/14/2021,ENDURANCE 1595 S32-19V,182.75,0
2/14/2021,ENDURANCE 1595 S32-21V,157.45,0
2/14/2021,ENDURANCE 1595 S32-25V,215.91,0
2/14/2021,ENDURANCE 1595 S32-26V,526.87,0
2/14/2021,ENDURANCE 1595-S32-29S NW1 CP,1311.8,1178
2/14/2021,ENDURANCE 21-32,9.51,0
2/14/2021,ENDURANCE 41-29S1 CP,756.16,0
2/14/2021,ENDURANCE 41-29S1LH,216.37,0
2/14/2021,ENDURANCE 41-29S1MH,118.33,0
2/14/2021,ENDURANCE 41-29S1UH,532.76,0
2/14/2021,ENDURANCE 42-10 INJ INFO ONLY,,
2/14/2021,ENDURANCE 42-30-1V,79,0
2/14/2021,ENDURANCE 44-32,197.61,0
2/14/2021,ENDURANCE UNIT 23-5,149.47,0
2/14/2021,ENDURANCE UNIT 42-5,147,147
2/14/2021,ENDURANCE UNIT 44-29,89.81,0
2/14/2021,ENDURANCE/WEST SLOPE 32 CP,136,136
2/14/2021,FTUN 1495 S08-23V,1665.73,0
2/14/2021,FTUN 1495 S08-24V,1063.48,0
2/14/2021,FTUN 1495 S08-SW1 CP,5463.2,0
2/14/2021,FTUN 1495 S17-02V,1354.44,0
2/14/2021,FTUN 1495 S17-03V,1296.38,0
2/14/2021,PM-PB-05V-16V CP,480,480
2/14/2021,POLAR BAR 2,230.3,0
2/14/2021,POWDER MOUNTAIN UNIT 34-26X,0.1,0.1
2/14/2021,WEST SLOPE UNIT 33-32,22.41,0
2/15/2021,BARRICADE 11-7,210,210
2/15/2021,BARRICADE 14-01V,44.65,0
2/15/2021,BARRICADE 1496-S26-05V,159.85,159.85
2/15/2021,BARRICADE 1496-S26-16V,178.01,178.01
2/15/2021,BARRICADE 1595-S31 CP,1277.48,0
2/15/2021,BARRICADE 1595-S31-11V,450.37,0
2/15/2021,BARRICADE 1595-S31-16V,919.72,0
2/15/2021,BARRICADE 21-11N1MH,244.65,0
2/15/2021,BARRICADE 22-06 CP,504.81,0
2/15/2021,BARRICADE 22-06-4H,379.43,0
2/15/2021,BARRICADE 22-06-5H,225.09,0
2/15/2021,BARRICADE 23-31 CP,652.95,0
2/15/2021,BARRICADE 23-31-2H,141.64,0
2/15/2021,BARRICADE 23-31-3H,625.39,0
2/15/2021,BARRICADE 24-36 CP,1020,0
2/15/2021,BARRICADE 24-36S1LH,293.64,0
2/15/2021,BARRICADE 24-36S2MH,689.69,0
2/15/2021,BARRICADE 32NE-6D,79.46,79.46
2/15/2021,BARRICADE 34-24V,122,0
2/15/2021,BARRICADE 41-01,86,0
2/15/2021,BARRICADE 41-6 5 CP,1317.24,0
2/15/2021,BARRICADE 41-6S1LH,689.18,0
2/15/2021,BARRICADE 41-6S1MH,504.69,0
2/15/2021,BARRICADE 41SW-6D,140.22,0
2/15/2021,BARRICADE 41SW/32NE TB,,
2/15/2021,BARRICADE UNIT 14-01 CP,479.17,0
2/15/2021,BARRICADE UNIT 14-01H,535.98,0
2/15/2021,BARRICADE UNIT 24-36,140.14,0
2/15/2021,BARRICADE UNIT 33-12,120,120
2/15/2021,BARRICADE UNIT 44-1 SWD INFO ONLY,0,0
2/15/2021,CEPO FEDERAL 20-17,1088.08,0
2/15/2021,CEPO FEDERAL 23-7,149,0
2/15/2021,CEPO FEDERAL 3-19ST,0,0
2/15/2021,ENDURANCE 11-21-1V,22,0
2/15/2021,ENDURANCE 1595 S29-18V,83.56,64.29
2/15/2021,ENDURANCE 1595 S29-29V,52.03,40.03
2/15/2021,ENDURANCE 1595 S32-13V,58.67,45.14
2/15/2021,ENDURANCE 1595 S32-19V,65.87,50.68
2/15/2021,ENDURANCE 1595 S32-21V,58.15,44.75
2/15/2021,ENDURANCE 1595 S32-25V,46.11,35.48
2/15/2021,ENDURANCE 1595 S32-26V,207.8,159.89
2/15/2021,ENDURANCE 1595-S32-29S NW1 CP,574.43,442
2/15/2021,ENDURANCE 21-32,2.24,1.73
2/15/2021,ENDURANCE 41-29S1 CP,746.96,0
2/15/2021,ENDURANCE 41-29S1LH,207.32,0
2/15/2021,ENDURANCE 41-29S1MH,97.64,0
2/15/2021,ENDURANCE 41-29S1UH,557.01,0
2/15/2021,ENDURANCE 42-10 INJ INFO ONLY,,
2/15/2021,ENDURANCE 42-30-1V,25,0
2/15/2021,ENDURANCE 44-32,192.82,0
2/15/2021,ENDURANCE UNIT 23-5,39.05,0
2/15/2021,ENDURANCE UNIT 42-5,66,66
2/15/2021,ENDURANCE UNIT 44-29,76.02,0
2/15/2021,ENDURANCE/WEST SLOPE 32 CP,133,133
2/15/2021,FTUN 1495 S08-23V,1724.69,0
2/15/2021,FTUN 1495 S08-24V,1066.8,0
2/15/2021,FTUN 1495 S08-SW1 CP,5447.95,0
2/15/2021,FTUN 1495 S17-02V,1347.38,0
2/15/2021,FTUN 1495 S17-03V,1309.08,0
2/15/2021,PM-PB-05V-16V CP,435,435
2/15/2021,POLAR BAR 2,260.43,0
2/15/2021,POWDER MOUNTAIN UNIT 34-26X,60.56,60.56
2/15/2021,WEST SLOPE UNIT 33-32,38.04,0
2/16/2021,BARRICADE 11-7,222,222
2/16/2021,BARRICADE 14-01V,55.36,0
2/16/2021,BARRICADE 1496-S26-05V,138.5,138.5
2/16/2021,BARRICADE 1496-S26-16V,0,0
2/16/2021,BARRICADE 1595-S31 CP,976.88,0
2/16/2021,BARRICADE 1595-S31-11V,416.5,0
2/16/2021,BARRICADE 1595-S31-16V,747.94,0
2/16/2021,BARRICADE 21-11N1MH,234.39,0
2/16/2021,BARRICADE 22-06 CP,366.94,0
2/16/2021,BARRICADE 22-06-4H,367.79,0
2/16/2021,BARRICADE 22-06-5H,120.41,0
2/16/2021,BARRICADE 23-31 CP,488.4,0
2/16/2021,BARRICADE 23-31-2H,128.44,0
2/16/2021,BARRICADE 23-31-3H,429.49,0
2/16/2021,BARRICADE 24-36 CP,816,0
2/16/2021,BARRICADE 24-36S1LH,293.64,0
2/16/2021,BARRICADE 24-36S2MH,690.28,0
2/16/2021,BARRICADE 32NE-6D,61.48,61.48
2/16/2021,BARRICADE 34-24V,115,0
2/16/2021,BARRICADE 41-01,0,0
2/16/2021,BARRICADE 41-6 5 CP,1026.96,0
2/16/2021,BARRICADE 41-6S1LH,523.8,0
2/16/2021,BARRICADE 41-6S1MH,442.15,0
2/16/2021,BARRICADE 41SW-6D,100.55,0
2/16/2021,BARRICADE 41SW/32NE TB,,
2/16/2021,BARRICADE UNIT 14-01 CP,52.2,0
2/16/2021,BARRICADE UNIT 14-01H,53.65,0
2/16/2021,BARRICADE UNIT 24-36,136.99,0
2/16/2021,BARRICADE UNIT 33-12,150,150
2/16/2021,BARRICADE UNIT 44-1 SWD INFO ONLY,0,0
2/16/2021,CEPO FEDERAL 20-17,1070.66,0
2/16/2021,CEPO FEDERAL 23-7,155,0
2/16/2021,CEPO FEDERAL 3-19ST,0,0
2/16/2021,ENDURANCE 11-21-1V,39,0
2/16/2021,ENDURANCE 1595 S29-18V,81.45,68.86
2/16/2021,ENDURANCE 1595 S29-29V,84.07,71.07
2/16/2021,ENDURANCE 1595 S32-13V,91.62,77.45
2/16/2021,ENDURANCE 1595 S32-19V,118.88,100.5
2/16/2021,ENDURANCE 1595 S32-21V,90.81,76.77
2/16/2021,ENDURANCE 1595 S32-25V,128.98,109.04
2/16/2021,ENDURANCE 1595 S32-26V,129.9,109.82
2/16/2021,ENDURANCE 1595-S32-29S NW1 CP,727.46,615
2/16/2021,ENDURANCE 21-32,1.75,1.48
2/16/2021,ENDURANCE 41-29S1 CP,0,0
2/16/2021,ENDURANCE 41-29S1LH,431.67,0
2/16/2021,ENDURANCE 41-29S1MH,82.83,0
2/16/2021,ENDURANCE 41-29S1UH,621.38,0
2/16/2021,ENDURANCE 42-10 INJ INFO ONLY,,
2/16/2021,ENDURANCE 42-30-1V,50,0
2/16/2021,ENDURANCE 44-32,140.86,0
2/16/2021,ENDURANCE UNIT 23-5,0,0
2/16/2021,ENDURANCE UNIT 42-5,0,0
2/16/2021,ENDURANCE UNIT 44-29,16.36,0
2/16/2021,ENDURANCE/WEST SLOPE 32 CP,121,121
2/16/2021,FTUN 1495 S08-23V,3011.66,0
2/16/2021,FTUN 1495 S08-24V,414.19,0
2/16/2021,FTUN 1495 S08-SW1 CP,5068.79,0
2/16/2021,FTUN 1495 S17-02V,649.76,0
2/16/2021,FTUN 1495 S17-03V,993.19,0
2/16/2021,PM-PB-05V-16V CP,46,46
2/16/2021,POLAR BAR 2,223.65,0
2/16/2021,POWDER MOUNTAIN UNIT 34-26X,72.01,72.01
2/16/2021,WEST SLOPE UNIT 33-32,29.7,0
2/17/2021,BARRICADE 11-7,213,213
2/17/2021,BARRICADE 14-01V,82.33,0
2/17/2021,BARRICADE 1496-S26-05V,19.11,19.11
2/17/2021,BARRICADE 1496-S26-16V,0,0
2/17/2021,BARRICADE 1595-S31 CP,328.81,0
2/17/2021,BARRICADE 1595-S31-11V,469.18,0
2/17/2021,BARRICADE 1595-S31-16V,428.61,0
2/17/2021,BARRICADE 21-11N1MH,255.16,0
2/17/2021,BARRICADE 22-06 CP,309.15,0
2/17/2021,BARRICADE 22-06-4H,360.33,0
2/17/2021,BARRICADE 22-06-5H,49.37,0
2/17/2021,BARRICADE 23-31 CP,180.87,0
2/17/2021,BARRICADE 23-31-2H,157.59,0
2/17/2021,BARRICADE 23-31-3H,446.27,0
2/17/2021,BARRICADE 24-36 CP,223,0
2/17/2021,BARRICADE 24-36S1LH,257.51,0
2/17/2021,BARRICADE 24-36S2MH,602.45,0
2/17/2021,BARRICADE 32NE-6D,59.94,59.94
2/17/2021,BARRICADE 34-24V,117,0
2/17/2021,BARRICADE 41-01,0,0
2/17/2021,BARRICADE 41-6 5 CP,1648.67,0
2/17/2021,BARRICADE 41-6S1LH,825.67,0
2/17/2021,BARRICADE 41-6S1MH,759.09,0
2/17/2021,BARRICADE 41SW-6D,167.33,0
2/17/2021,BARRICADE 41SW/32NE TB,,
2/17/2021,BARRICADE UNIT 14-01 CP,32.87,0
2/17/2021,BARRICADE UNIT 14-01H,7.26,0
2/17/2021,BARRICADE UNIT 24-36,65.67,0
2/17/2021,BARRICADE UNIT 33-12,106,106
2/17/2021,BARRICADE UNIT 44-1 SWD INFO ONLY,0,0
2/17/2021,CEPO FEDERAL 20-17,1108.05,0
2/17/2021,CEPO FEDERAL 23-7,0,0
2/17/2021,CEPO FEDERAL 3-19ST,0,0
2/17/2021,ENDURANCE 11-21-1V,44,0
2/17/2021,ENDURANCE 1595 S29-18V,55.79,43.5
2/17/2021,ENDURANCE 1595 S29-29V,57.59,44.9
2/17/2021,ENDURANCE 1595 S32-13V,27.16,21.18
2/17/2021,ENDURANCE 1595 S32-19V,46.32,36.11
2/17/2021,ENDURANCE 1595 S32-21V,70.17,54.71
2/17/2021,ENDURANCE 1595 S32-25V,148.17,115.52
2/17/2021,ENDURANCE 1595 S32-26V,116.11,90.53
2/17/2021,ENDURANCE 1595-S32-29S NW1 CP,525.85,410
2/17/2021,ENDURANCE 21-32,4.54,3.54
2/17/2021,ENDURANCE 41-29S1 CP,637.15,0
2/17/2021,ENDURANCE 41-29S1LH,123.43,0
2/17/2021,ENDURANCE 41-29S1MH,41.06,0
2/17/2021,ENDURANCE 41-29S1UH,608.81,0
2/17/2021,ENDURANCE 42-10 INJ INFO ONLY,,
2/17/2021,ENDURANCE 42-30-1V,0,0
2/17/2021,ENDURANCE 44-32,205.88,0
2/17/2021,ENDURANCE UNIT 23-5,0,0
2/17/2021,ENDURANCE UNIT 42-5,74,74
2/17/2021,ENDURANCE UNIT 44-29,0.01,0
2/17/2021,ENDURANCE/WEST SLOPE 32 CP,0,0
2/17/2021,FTUN 1495 S08-23V,2357.52,0
2/17/2021,FTUN 1495 S08-24V,45.87,0
2/17/2021,FTUN 1495 S08-SW1 CP,2579.91,0
2/17/2021,FTUN 1495 S17-02V,116.75,0
2/17/2021,FTUN 1495 S17-03V,59.76,0
2/17/2021,PM-PB-05V-16V CP,0,0
2/17/2021,POLAR BAR 2,31.47,0
2/17/2021,POWDER MOUNTAIN UNIT 34-26X,0.02,0.02
2/17/2021,WEST SLOPE UNIT 33-32,26.43,0
2/18/2021,BARRICADE 11-7,216,216
2/18/2021,BARRICADE 14-01V,53.78,0
2/18/2021,BARRICADE 1496-S26-05V,0,0
2/18/2021,BARRICADE 1496-S26-16V,0,0
2/18/2021,BARRICADE 1595-S31 CP,0,0
2/18/2021,BARRICADE 1595-S31-11V,458.89,0
2/18/2021,BARRICADE 1595-S31-16V,343.43,0
2/18/2021,BARRICADE 21-11N1MH,268.24,0
2/18/2021,BARRICADE 22-06 CP,275.21,0
2/18/2021,BARRICADE 22-06-4H,356.08,0
2/18/2021,BARRICADE 22-06-5H,14.28,0
2/18/2021,BARRICADE 23-31 CP,51.11,0
2/18/2021,BARRICADE 23-31-2H,150.79,0
2/18/2021,BARRICADE 23-31-3H,212.08,0
2/18/2021,BARRICADE 24-36 CP,931,0
2/18/2021,BARRICADE 24-36S1LH,150.06,0
2/18/2021,BARRICADE 24-36S2MH,198.57,0
2/18/2021,BARRICADE 32NE-6D,28.95,28.95
2/18/2021,BARRICADE 34-24V,116,0
2/18/2021,BARRICADE 41-01,59,0
2/18/2021,BARRICADE 41-6 5 CP,1133.9,0
2/18/2021,BARRICADE 41-6S1LH,643.42,0
2/18/2021,BARRICADE 41-6S1MH,553.7,0
2/18/2021,BARRICADE 41SW-6D,115.85,0
2/18/2021,BARRICADE 41SW/32NE TB,,
2/18/2021,BARRICADE UNIT 14-01 CP,155.22,0
2/18/2021,BARRICADE UNIT 14-01H,146.27,0
2/18/2021,BARRICADE UNIT 24-36,0,0
2/18/2021,BARRICADE UNIT 33-12,153,153
2/18/2021,BARRICADE UNIT 44-1 SWD INFO ONLY,0,0
2/18/2021,CEPO FEDERAL 20-17,1099.52,0
2/18/2021,CEPO FEDERAL 23-7,138,0
2/18/2021,CEPO FEDERAL 3-19ST,0,0
2/18/2021,ENDURANCE 11-21-1V,84,0
2/18/2021,ENDURANCE 1595 S29-18V,72.17,65.26
2/18/2021,ENDURANCE 1595 S29-29V,70.53,63.78
2/18/2021,ENDURANCE 1595 S32-13V,47.97,43.38
2/18/2021,ENDURANCE 1595 S32-19V,79.72,72.1
2/18/2021,ENDURANCE 1595 S32-21V,115.25,104.23
2/18/2021,ENDURANCE 1595 S32-25V,210.64,190.49
2/18/2021,ENDURANCE 1595 S32-26V,413.14,373.64
2/18/2021,ENDURANCE 1595-S32-29S NW1 CP,1011.75,915
2/18/2021,ENDURANCE 21-32,2.34,2.12
2/18/2021,ENDURANCE 41-29S1 CP,111.18,0
2/18/2021,ENDURANCE 41-29S1LH,73.3,0
2/18/2021,ENDURANCE 41-29S1MH,14.37,0
2/18/2021,ENDURANCE 41-29S1UH,191.86,0
2/18/2021,ENDURANCE 42-10 INJ INFO ONLY,,
2/18/2021,ENDURANCE 42-30-1V,349,0
2/18/2021,ENDURANCE 44-32,254.98,0
2/18/2021,ENDURANCE UNIT 23-5,0,0
2/18/2021,ENDURANCE UNIT 42-5,69,69
2/18/2021,ENDURANCE UNIT 44-29,16.21,0
2/18/2021,ENDURANCE/WEST SLOPE 32 CP,98,98
2/18/2021,FTUN 1495 S08-23V,346.73,0
2/18/2021,FTUN 1495 S08-24V,231.88,0
2/18/2021,FTUN 1495 S08-SW1 CP,1016.13,0
2/18/2021,FTUN 1495 S17-02V,243.34,0
2/18/2021,FTUN 1495 S17-03V,194.19,0
2/18/2021,PM-PB-05V-16V CP,351,351
2/18/2021,POLAR BAR 2,0.12,0
2/18/2021,POWDER MOUNTAIN UNIT 34-26X,0.12,0.12
2/18/2021,WEST SLOPE UNIT 33-32,2.81,0
2/19/2021,BARRICADE 11-7,219,219
2/19/2021,BARRICADE 14-01V,61.38,0
2/19/2021,BARRICADE 1496-S26-05V,36.27,36.27
2/19/2021,BARRICADE 1496-S26-16V,59.61,59.61
2/19/2021,BARRICADE 1595-S31 CP,622.67,0
2/19/2021,BARRICADE 1595-S31-11V,451.6,0
2/19/2021,BARRICADE 1595-S31-16V,597.49,0
2/19/2021,BARRICADE 21-11N1MH,253.87,0
2/19/2021,BARRICADE 22-06 CP,448.71,0
2/19/2021,BARRICADE 22-06-4H,356.33,0
2/19/2021,BARRICADE 22-06-5H,170.12,0
2/19/2021,BARRICADE 23-31 CP,531.76,0
2/19/2021,BARRICADE 23-31-2H,148.42,0
2/19/2021,BARRICADE 23-31-3H,435.5,0
2/19/2021,BARRICADE 24-36 CP,1035,0
2/19/2021,BARRICADE 24-36S1LH,163.07,0
2/19/2021,BARRICADE 24-36S2MH,667.47,0
2/19/2021,BARRICADE 32NE-6D,38.7,38.7
2/19/2021,BARRICADE 34-24V,112,0
2/19/2021,BARRICADE 41-01,109,0
2/19/2021,BARRICADE 41-6 5 CP,886.25,0
2/19/2021,BARRICADE 41-6S1LH,382.09,0
2/19/2021,BARRICADE 41-6S1MH,364.91,0
2/19/2021,BARRICADE 41SW-6D,108.19,0
2/19/2021,BARRICADE 41SW/32NE TB,,
2/19/2021,BARRICADE UNIT 14-01 CP,633.5,0
2/19/2021,BARRICADE UNIT 14-01H,635.63,0
2/19/2021,BARRICADE UNIT 24-36,27.6,0
2/19/2021,BARRICADE UNIT 33-12,232,232
2/19/2021,BARRICADE UNIT 44-1 SWD INFO ONLY,0,0
2/19/2021,CEPO FEDERAL 20-17,1089.57,0
2/19/2021,CEPO FEDERAL 23-7,184,0
2/19/2021,CEPO FEDERAL 3-19ST,0,0
2/19/2021,ENDURANCE 11-21-1V,40,0
2/19/2021,ENDURANCE 1595 S29-18V,106.96,100.89
2/19/2021,ENDURANCE 1595 S29-29V,77.82,73.4
2/19/2021,ENDURANCE 1595 S32-13V,192.27,181.35
2/19/2021,ENDURANCE 1595 S32-19V,196.32,185.17
2/19/2021,ENDURANCE 1595 S32-21V,152.51,143.85
2/19/2021,ENDURANCE 1595 S32-25V,261.45,246.6
2/19/2021,ENDURANCE 1595 S32-26V,794.35,749.24
2/19/2021,ENDURANCE 1595-S32-29S NW1 CP,1785.37,1684
2/19/2021,ENDURANCE 21-32,3.7,3.49
2/19/2021,ENDURANCE 41-29S1 CP,841.52,0
2/19/2021,ENDURANCE 41-29S1LH,102.58,0
2/19/2021,ENDURANCE 41-29S1MH,97.49,0
2/19/2021,ENDURANCE 41-29S1UH,742.8,0
2/19/2021,ENDURANCE 42-10 INJ INFO ONLY,,
2/19/2021,ENDURANCE 42-30-1V,207,0
2/19/2021,ENDURANCE 44-32,109.01,0
2/19/2021,ENDURANCE UNIT 23-5,290.01,0
2/19/2021,ENDURANCE UNIT 42-5,211,211
2/19/2021,ENDURANCE UNIT 44-29,68.28,0
2/19/2021,ENDURANCE/WEST SLOPE 32 CP,141,141
2/19/2021,FTUN 1495 S08-23V,822.43,0
2/19/2021,FTUN 1495 S08-24V,597.32,0
2/19/2021,FTUN 1495 S08-SW1 CP,2849.83,0
2/19/2021,FTUN 1495 S17-02V,758.88,0
2/19/2021,FTUN 1495 S17-03V,671.19,0
2/19/2021,PM-PB-05V-16V CP,690,690
2/19/2021,POLAR BAR 2,137.82,0
2/19/2021,POWDER MOUNTAIN UNIT 34-26X,38.92,38.92
2/19/2021,WEST SLOPE UNIT 33-32,29.98,0
2/20/2021,BARRICADE 11-7,210,210
2/20/2021,BARRICADE 14-01V,118.11,0
2/20/2021,BARRICADE 1496-S26-05V,166.48,166.48
2/20/2021,BARRICADE 1496-S26-16V,201.11,201.11
2/20/2021,BARRICADE 1595-S31 CP,1547.12,0
2/20/2021,BARRICADE 1595-S31-11V,465.03,0
2/20/2021,BARRICADE 1595-S31-16V,1152.63,0
2/20/2021,BARRICADE 21-11N1MH,246.7,0
2/20/2021,BARRICADE 22-06 CP,552.82,0
2/20/2021,BARRICADE 22-06-4H,352.74,0
2/20/2021,BARRICADE 22-06-5H,290.98,0
2/20/2021,BARRICADE 23-31 CP,1075.73,0
2/20/2021,BARRICADE 23-31-2H,148.53,0
2/20/2021,BARRICADE 23-31-3H,989.49,0
2/20/2021,BARRICADE 24-36 CP,1184,0
2/20/2021,BARRICADE 24-36S1LH,333.71,0
2/20/2021,BARRICADE 24-36S2MH,676.88,0
2/20/2021,BARRICADE 32NE-6D,24.33,24.33
2/20/2021,BARRICADE 34-24V,123,0
2/20/2021,BARRICADE 41-01,111,0
2/20/2021,BARRICADE 41-6 5 CP,1746.65,0
2/20/2021,BARRICADE 41-6S1LH,898.02,0
2/20/2021,BARRICADE 41-6S1MH,780.78,0
2/20/2021,BARRICADE 41SW-6D,190.4,0
2/20/2021,BARRICADE 41SW/32NE TB,,
2/20/2021,BARRICADE UNIT 14-01 CP,729.95,0
2/20/2021,BARRICADE UNIT 14-01H,674.83,0
2/20/2021,BARRICADE UNIT 24-36,119.69,0
2/20/2021,BARRICADE UNIT 33-12,251,251
2/20/2021,BARRICADE UNIT 44-1 SWD INFO ONLY,0,0
2/20/2021,CEPO FEDERAL 20-17,1017.07,0
2/20/2021,CEPO FEDERAL 23-7,172,0
2/20/2021,CEPO FEDERAL 3-19ST,0,0
2/20/2021,ENDURANCE 11-21-1V,28,0
2/20/2021,ENDURANCE 1595 S29-18V,288.31,269.21
2/20/2021,ENDURANCE 1595 S29-29V,109.9,102.61
2/20/2021,ENDURANCE 1595 S32-13V,175.4,163.77
2/20/2021,ENDURANCE 1595 S32-19V,149.54,139.63
2/20/2021,ENDURANCE 1595 S32-21V,149.24,139.35
2/20/2021,ENDURANCE 1595 S32-25V,235.16,219.58
2/20/2021,ENDURANCE 1595 S32-26V,666.13,621.99
2/20/2021,ENDURANCE 1595-S32-29S NW1 CP,1778.87,1661
2/20/2021,ENDURANCE 21-32,5.2,4.85
2/20/2021,ENDURANCE 41-29S1 CP,985.2,0
2/20/2021,ENDURANCE 41-29S1LH,180.09,0
2/20/2021,ENDURANCE 41-29S1MH,295.88,0
2/20/2021,ENDURANCE 41-29S1UH,677.83,0
2/20/2021,ENDURANCE 42-10 INJ INFO ONLY,,
2/20/2021,ENDURANCE 42-30-1V,209,0
2/20/2021,ENDURANCE 44-32,216.48,0
2/20/2021,ENDURANCE UNIT 23-5,220.67,0
2/20/2021,ENDURANCE UNIT 42-5,122,122
2/20/2021,ENDURANCE UNIT 44-29,114.2,0
2/20/2021,ENDURANCE/WEST SLOPE 32 CP,121,121
2/20/2021,FTUN 1495 S08-23V,1825.8,0
2/20/2021,FTUN 1495 S08-24V,1309.99,0
2/20/2021,FTUN 1495 S08-SW1 CP,6321.77,0
2/20/2021,FTUN 1495 S17-02V,1634.56,0
2/20/2021,FTUN 1495 S17-03V,1551.42,0
2/20/2021,PM-PB-05V-16V CP,774,774
2/20/2021,POLAR BAR 2,238.85,0
2/20/2021,POWDER MOUNTAIN UNIT 34-26X,54.22,54.22
2/20/2021,WEST SLOPE UNIT 33-32,16.13,0
2/21/2021,BARRICADE 11-7,221,221
2/21/2021,BARRICADE 14-01V,141.4,0
2/21/2021,BARRICADE 1496-S26-05V,206.01,206.01
2/21/2021,BARRICADE 1496-S26-16V,229.85,229.85
2/21/2021,BARRICADE 1595-S31 CP,1505.18,0
2/21/2021,BARRICADE 1595-S31-11V,464.66,0
2/21/2021,BARRICADE 1595-S31-16V,1105.97,0
2/21/2021,BARRICADE 21-11N1MH,277.19,0
2/21/2021,BARRICADE 22-06 CP,528.83,0
2/21/2021,BARRICADE 22-06-4H,352.28,0
2/21/2021,BARRICADE 22-06-5H,264.01,0
2/21/2021,BARRICADE 23-31 CP,985.58,0
2/21/2021,BARRICADE 23-31-2H,148.94,0
2/21/2021,BARRICADE 23-31-3H,907.64,0
2/21/2021,BARRICADE 24-36 CP,1212,0
2/21/2021,BARRICADE 24-36S1LH,352.13,0
2/21/2021,BARRICADE 24-36S2MH,773.58,0
2/21/2021,BARRICADE 32NE-6D,10.9,10.9
2/21/2021,BARRICADE 34-24V,126,0
2/21/2021,BARRICADE 41-01,88,0
2/21/2021,BARRICADE 41-6 5 CP,1747.33,0
2/21/2021,BARRICADE 41-6S1LH,915.08,0
2/21/2021,BARRICADE 41-6S1MH,791.31,0
2/21/2021,BARRICADE 41SW-6D,182.48,0
2/21/2021,BARRICADE 41SW/32NE TB,,
2/21/2021,BARRICADE UNIT 14-01 CP,758.54,0
2/21/2021,BARRICADE UNIT 14-01H,671.18,0
2/21/2021,BARRICADE UNIT 24-36,188.97,0
2/21/2021,BARRICADE UNIT 33-12,199,199
2/21/2021,BARRICADE UNIT 44-1 SWD INFO ONLY,0,0
2/21/2021,CEPO FEDERAL 20-17,978.69,0
2/21/2021,CEPO FEDERAL 23-7,171,0
2/21/2021,CEPO FEDERAL 3-19ST,0,0
2/21/2021,ENDURANCE 11-21-1V,15,0
2/21/2021,ENDURANCE 1595 S29-18V,358.69,333.58
2/21/2021,ENDURANCE 1595 S29-29V,129.88,120.79
2/21/2021,ENDURANCE 1595 S32-13V,187.55,174.42
2/21/2021,ENDURANCE 1595 S32-19V,174.95,162.7
2/21/2021,ENDURANCE 1595 S32-21V,153.54,142.8
2/21/2021,ENDURANCE 1595 S32-25V,223.94,208.26
2/21/2021,ENDURANCE 1595 S32-26V,602.61,560.42
2/21/2021,ENDURANCE 1595-S32-29S NW1 CP,1836.58,1708
2/21/2021,ENDURANCE 21-32,5.42,5.04
2/21/2021,ENDURANCE 41-29S1 CP,896.2,0
2/21/2021,ENDURANCE 41-29S1LH,231.49,0
2/21/2021,ENDURANCE 41-29S1MH,256.19,0
2/21/2021,ENDURANCE 41-29S1UH,621.56,0
2/21/2021,ENDURANCE 42-10 INJ INFO ONLY,,
2/21/2021,ENDURANCE 42-30-1V,125,0
2/21/2021,ENDURANCE 44-32,197.19,0
2/21/2021,ENDURANCE UNIT 23-5,158.99,0
2/21/2021,ENDURANCE UNIT 42-5,212,212
2/21/2021,ENDURANCE UNIT 44-29,100.13,0
2/21/2021,ENDURANCE/WEST SLOPE 32 CP,125,125
2/21/2021,FTUN 1495 S08-23V,1829.52,0
2/21/2021,FTUN 1495 S08-24V,1245.01,0
2/21/2021,FTUN 1495 S08-SW1 CP,6183.06,0
2/21/2021,FTUN 1495 S17-02V,1607.63,0
2/21/2021,FTUN 1495 S17-03V,1500.89,0
2/21/2021,PM-PB-05V-16V CP,720,720
2/21/2021,POLAR BAR 2,262.46,0
2/21/2021,POWDER MOUNTAIN UNIT 34-26X,67.81,67.81
2/21/2021,WEST SLOPE UNIT 33-32,3.34,0
2/22/2021,BARRICADE 11-7,211,211
2/22/2021,BARRICADE 14-01V,146.96,0
2/22/2021,BARRICADE 1496-S26-05V,201.4,201.4
2/22/2021,BARRICADE 1496-S26-16V,226.49,226.49
2/22/2021,BARRICADE 1595-S31 CP,1428.69,0
2/22/2021,BARRICADE 1595-S31-11V,462.33,0
2/22/2021,BARRICADE 1595-S31-16V,1033.19,0
2/22/2021,BARRICADE 21-11N1MH,240.13,0
2/22/2021,BARRICADE 22-06 CP,512.97,0
2/22/2021,BARRICADE 22-06-4H,349.47,0
2/22/2021,BARRICADE 22-06-5H,253.81,0
2/22/2021,BARRICADE 23-31 CP,934.24,0
2/22/2021,BARRICADE 23-31-2H,149.25,0
2/22/2021,BARRICADE 23-31-3H,873.52,0
2/22/2021,BARRICADE 24-36 CP,1099,0
2/22/2021,BARRICADE 24-36S1LH,313.17,0
2/22/2021,BARRICADE 24-36S2MH,737.74,0
2/22/2021,BARRICADE 32NE-6D,11.02,11.02
2/22/2021,BARRICADE 34-24V,125,0
2/22/2021,BARRICADE 41-01,47,0
2/22/2021,BARRICADE 41-6 5 CP,1741.21,0
2/22/2021,BARRICADE 41-6S1LH,939.05,0
2/22/2021,BARRICADE 41-6S1MH,772.63,0
2/22/2021,BARRICADE 41SW-6D,172.23,0
2/22/2021,BARRICADE 41SW/32NE TB,,
2/22/2021,BARRICADE UNIT 14-01 CP,752.76,0
2/22/2021,BARRICADE UNIT 14-01H,672.02,0
2/22/2021,BARRICADE UNIT 24-36,166.64,0
2/22/2021,BARRICADE UNIT 33-12,191,191
2/22/2021,BARRICADE UNIT 44-1 SWD INFO ONLY,0,0
2/22/2021,CEPO FEDERAL 20-17,786.79,0
2/22/2021,CEPO FEDERAL 23-7,168,0
2/22/2021,CEPO FEDERAL 3-19ST,0,0
2/22/2021,ENDURANCE 11-21-1V,8,0
2/22/2021,ENDURANCE 1595 S29-18V,676.81,646.75
2/22/2021,ENDURANCE 1595 S29-29V,223.37,213.45
2/22/2021,ENDURANCE 1595 S32-13V,276,263.75
2/22/2021,ENDURANCE 1595 S32-19V,269.68,257.7
2/22/2021,ENDURANCE 1595 S32-21V,236.68,226.17
2/22/2021,ENDURANCE 1595 S32-25V,300.14,286.81
2/22/2021,ENDURANCE 1595 S32-26V,1008.12,963.35
2/22/2021,ENDURANCE 1595-S32-29S NW1 CP,3002.32,2869
2/22/2021,ENDURANCE 21-32,11.52,11.01
2/22/2021,ENDURANCE 41-29S1 CP,814.1,0
2/22/2021,ENDURANCE 41-29S1LH,240.05,0
2/22/2021,ENDURANCE 41-29S1MH,178.91,0
2/22/2021,ENDURANCE 41-29S1UH,592.95,0
2/22/2021,ENDURANCE 42-10 INJ INFO ONLY,,
2/22/2021,ENDURANCE 42-30-1V,0,0
2/22/2021,ENDURANCE 44-32,193.53,0
2/22/2021,ENDURANCE UNIT 23-5,232.66,0
2/22/2021,ENDURANCE UNIT 42-5,186,186
2/22/2021,ENDURANCE UNIT 44-29,89.69,0
2/22/2021,ENDURANCE/WEST SLOPE 32 CP,119,119
2/22/2021,FTUN 1495 S08-23V,1772.19,0
2/22/2021,FTUN 1495 S08-24V,1190.85,0
2/22/2021,FTUN 1495 S08-SW1 CP,5918.9,0
2/22/2021,FTUN 1495 S17-02V,1539.57,0
2/22/2021,FTUN 1495 S17-03V,1416.29,0
2/22/2021,PM-PB-05V-16V CP,716,716
2/22/2021,POLAR BAR 2,257.89,0
2/22/2021,POWDER MOUNTAIN UNIT 34-26X,32.66,32.66
2/22/2021,WEST SLOPE UNIT 33-32,6.55,0
2/23/2021,BARRICADE 11-7,214,214
2/23/2021,BARRICADE 14-01V,123.04,0
2/23/2021,BARRICADE 1496-S26-05V,195.24,195.24
2/23/2021,BARRICADE 1496-S26-16V,234.56,234.56
2/23/2021,BARRICADE 1595-S31 CP,1421.88,0
2/23/2021,BARRICADE 1595-S31-11V,465.31,0
2/23/2021,BARRICADE 1595-S31-16V,1030.8,0
2/23/2021,BARRICADE 21-11N1MH,266.47,0
2/23/2021,BARRICADE 22-06 CP,503.39,0
2/23/2021,BARRICADE 22-06-4H,346.95,0
2/23/2021,BARRICADE 22-06-5H,247.11,0
2/23/2021,BARRICADE 23-31 CP,914.78,0
2/23/2021,BARRICADE 23-31-2H,152.74,0
2/23/2021,BARRICADE 23-31-3H,851.84,0
2/23/2021,BARRICADE 24-36 CP,1093,0
2/23/2021,BARRICADE 24-36S1LH,310.2,0
2/23/2021,BARRICADE 24-36S2MH,726.19,0
2/23/2021,BARRICADE 32NE-6D,0,0
2/23/2021,BARRICADE 34-24V,126,0
2/23/2021,BARRICADE 41-01,109,0
2/23/2021,BARRICADE 41-6 5 CP,1710.46,0
2/23/2021,BARRICADE 41-6S1LH,928.09,0
2/23/2021,BARRICADE 41-6S1MH,763.4,0
2/23/2021,BARRICADE 41SW-6D,170.16,0
2/23/2021,BARRICADE 41SW/32NE TB,,
2/23/2021,BARRICADE UNIT 14-01 CP,742.49,0
2/23/2021,BARRICADE UNIT 14-01H,695.16,0
2/23/2021,BARRICADE UNIT 24-36,159.25,0
2/23/2021,BARRICADE UNIT 33-12,160,160
2/23/2021,BARRICADE UNIT 44-1 SWD INFO ONLY,0,0
2/23/2021,CEPO FEDERAL 20-17,779.6,0
2/23/2021,CEPO FEDERAL 23-7,162,0
2/23/2021,CEPO FEDERAL 3-19ST,0,0
2/23/2021,ENDURANCE 11-21-1V,31,0
2/23/2021,ENDURANCE 1595 S29-18V,419.6,392.95
2/23/2021,ENDURANCE 1595 S29-29V,146.83,137.5
2/23/2021,ENDURANCE 1595 S32-13V,200.01,187.31
2/23/2021,ENDURANCE 1595 S32-19V,183.33,171.69
2/23/2021,ENDURANCE 1595 S32-21V,172.87,161.89
2/23/2021,ENDURANCE 1595 S32-25V,238.43,223.29
2/23/2021,ENDURANCE 1595 S32-26V,685.33,641.8
2/23/2021,ENDURANCE 1595-S32-29S NW1 CP,2056.63,1926
2/23/2021,ENDURANCE 21-32,10.23,9.58
2/23/2021,ENDURANCE 41-29S1 CP,814.16,0
2/23/2021,ENDURANCE 41-29S1LH,223.6,0
2/23/2021,ENDURANCE 41-29S1MH,116.67,0
2/23/2021,ENDURANCE 41-29S1UH,592.26,0
2/23/2021,ENDURANCE 42-10 INJ INFO ONLY,,
2/23/2021,ENDURANCE 42-30-1V,18,0
2/23/2021,ENDURANCE 44-32,208.91,0
2/23/2021,ENDURANCE UNIT 23-5,176.07,0
2/23/2021,ENDURANCE UNIT 42-5,181,181
2/23/2021,ENDURANCE UNIT 44-29,54.18,0
2/23/2021,ENDURANCE/WEST SLOPE 32 CP,126,126
2/23/2021,FTUN 1495 S08-23V,1762.2,0
2/23/2021,FTUN 1495 S08-24V,1158.96,0
2/23/2021,FTUN 1495 S08-SW1 CP,5827.85,0
2/23/2021,FTUN 1495 S17-02V,1511.02,0
2/23/2021,FTUN 1495 S17-03V,1395.67,0
2/23/2021,PM-PB-05V-16V CP,665,665
2/23/2021,POLAR BAR 2,257.66,0
2/23/2021,POWDER MOUNTAIN UNIT 34-26X,31.87,31.87
2/23/2021,WEST SLOPE UNIT 33-32,0,0
2/24/2021,BARRICADE 11-7,217,217
2/24/2021,BARRICADE 14-01V,179.1,0
2/24/2021,BARRICADE 1496-S26-05V,187.59,187.59
2/24/2021,BARRICADE 1496-S26-16V,228.79,228.79
2/24/2021,BARRICADE 1595-S31 CP,1379.3,0
2/24/2021,BARRICADE 1595-S31-11V,463.94,0
2/24/2021,BARRICADE 1595-S31-16V,985.21,0
2/24/2021,BARRICADE 21-11N1MH,239.57,0
2/24/2021,BARRICADE 22-06 CP,495.61,0
2/24/2021,BARRICADE 22-06-4H,346.52,0
2/24/2021,BARRICADE 22-06-5H,241.79,0
2/24/2021,BARRICADE 23-31 CP,894.66,0
2/24/2021,BARRICADE 23-31-2H,144.23,0
2/24/2021,BARRICADE 23-31-3H,835.88,0
2/24/2021,BARRICADE 24-36 CP,1066,0
2/24/2021,BARRICADE 24-36S1LH,303.63,0
2/24/2021,BARRICADE 24-36S2MH,722.75,0
2/24/2021,BARRICADE 32NE-6D,43.26,43.26
2/24/2021,BARRICADE 34-24V,116,0
2/24/2021,BARRICADE 41-01,77,0
2/24/2021,BARRICADE 41-6 5 CP,1705.02,0
2/24/2021,BARRICADE 41-6S1LH,886.03,0
2/24/2021,BARRICADE 41-6S1MH,763.15,0
2/24/2021,BARRICADE 41SW-6D,173.88,0
2/24/2021,BARRICADE 41SW/32NE TB,,
2/24/2021,BARRICADE UNIT 14-01 CP,764.05,0
2/24/2021,BARRICADE UNIT 14-01H,667.14,0
2/24/2021,BARRICADE UNIT 24-36,154.34,0
2/24/2021,BARRICADE UNIT 33-12,122,122
2/24/2021,BARRICADE UNIT 44-1 SWD INFO ONLY,0,0
2/24/2021,CEPO FEDERAL 20-17,795.01,0
2/24/2021,CEPO FEDERAL 23-7,158,0
2/24/2021,CEPO FEDERAL 3-19ST,0,0
2/24/2021,ENDURANCE 11-21-1V,11,0
2/24/2021,ENDURANCE 1595 S29-18V,606.12,578.88
2/24/2021,ENDURANCE 1595 S29-29V,231.97,221.54
2/24/2021,ENDURANCE 1595 S32-13V,292.23,279.1
2/24/2021,ENDURANCE 1595 S32-19V,245.45,234.42
2/24/2021,ENDURANCE 1595 S32-21V,267.99,255.94
2/24/2021,ENDURANCE 1595 S32-25V,429.56,410.26
2/24/2021,ENDURANCE 1595 S32-26V,667.1,637.12
2/24/2021,ENDURANCE 1595-S32-29S NW1 CP,2747.47,2624
2/24/2021,ENDURANCE 21-32,7.05,6.74
2/24/2021,ENDURANCE 41-29S1 CP,862.3,0
2/24/2021,ENDURANCE 41-29S1LH,233.68,0
2/24/2021,ENDURANCE 41-29S1MH,145.55,0
2/24/2021,ENDURANCE 41-29S1UH,599.1,0
2/24/2021,ENDURANCE 42-10 INJ INFO ONLY,,
2/24/2021,ENDURANCE 42-30-1V,0,0
2/24/2021,ENDURANCE 44-32,192.55,0
2/24/2021,ENDURANCE UNIT 23-5,163.33,0
2/24/2021,ENDURANCE UNIT 42-5,168,168
2/24/2021,ENDURANCE UNIT 44-29,19.27,0
2/24/2021,ENDURANCE/WEST SLOPE 32 CP,89,89
2/24/2021,FTUN 1495 S08-23V,1804.55,0
2/24/2021,FTUN 1495 S08-24V,1106.43,0
2/24/2021,FTUN 1495 S08-SW1 CP,5726.21,0
2/24/2021,FTUN 1495 S17-02V,1473.62,0
2/24/2021,FTUN 1495 S17-03V,1341.62,0
2/24/2021,PM-PB-05V-16V CP,332,332
2/24/2021,POLAR BAR 2,251.14,0
2/24/2021,POWDER MOUNTAIN UNIT 34-26X,9.46,9.46
2/24/2021,WEST SLOPE UNIT 33-32,8.79,0
2/25/2021,BARRICADE 11-7,208,208
2/25/2021,BARRICADE 14-01V,100.29,0
2/25/2021,BARRICADE 1496-S26-05V,78.9,78.9
2/25/2021,BARRICADE 1496-S26-16V,77.11,77.11
2/25/2021,BARRICADE 1595-S31 CP,1194.79,0
2/25/2021,BARRICADE 1595-S31-11V,458.11,0
2/25/2021,BARRICADE 1595-S31-16V,825.05,0
2/25/2021,BARRICADE 21-11N1MH,255.31,0
2/25/2021,BARRICADE 22-06 CP,476.86,0
2/25/2021,BARRICADE 22-06-4H,341.28,0
2/25/2021,BARRICADE 22-06-5H,237.04,0
2/25/2021,BARRICADE 23-31 CP,797.2,0
2/25/2021,BARRICADE 23-31-2H,152.64,0
2/25/2021,BARRICADE 23-31-3H,792.98,0
2/25/2021,BARRICADE 24-36 CP,1063,0
2/25/2021,BARRICADE 24-36S1LH,306.35,0
2/25/2021,BARRICADE 24-36S2MH,719.33,0
2/25/2021,BARRICADE 32NE-6D,59.69,59.69
2/25/2021,BARRICADE 34-24V,120,0
2/25/2021,BARRICADE 41-01,106,0
2/25/2021,BARRICADE 41-6 5 CP,1680.73,0
2/25/2021,BARRICADE 41-6S1LH,843.54,0
2/25/2021,BARRICADE 41-6S1MH,766.01,0
2/25/2021,BARRICADE 41SW-6D,166.6,0
2/25/2021,BARRICADE 41SW/32NE TB,,
2/25/2021,BARRICADE UNIT 14-01 CP,690.54,0
2/25/2021,BARRICADE UNIT 14-01H,667.84,0
2/25/2021,BARRICADE UNIT 24-36,143.85,0
2/25/2021,BARRICADE UNIT 33-12,113,113
2/25/2021,BARRICADE UNIT 44-1 SWD INFO ONLY,0,0
2/25/2021,CEPO FEDERAL 20-17,1421.07,0
2/25/2021,CEPO FEDERAL 23-7,157,0
2/25/2021,CEPO FEDERAL 3-19ST,0,0
2/25/2021,ENDURANCE 11-21-1V,30,0
2/25/2021,ENDURANCE 1595 S29-18V,294.9,280.84
2/25/2021,ENDURANCE 1595 S29-29V,216.19,205.88
2/25/2021,ENDURANCE 1595 S32-13V,264.89,252.25
2/25/2021,ENDURANCE 1595 S32-19V,250.38,238.44
2/25/2021,ENDURANCE 1595 S32-21V,253.07,241
2/25/2021,ENDURANCE 1595 S32-25V,396.04,377.15
2/25/2021,ENDURANCE 1595 S32-26V,887.13,844.82
2/25/2021,ENDURANCE 1595-S32-29S NW1 CP,2577.95,2455
2/25/2021,ENDURANCE 21-32,15.36,14.62
2/25/2021,ENDURANCE 41-29S1 CP,887,0
2/25/2021,ENDURANCE 41-29S1LH,235.99,0
2/25/2021,ENDURANCE 41-29S1MH,156.92,0
2/25/2021,ENDURANCE 41-29S1UH,593.08,0
2/25/2021,ENDURANCE 42-10 INJ INFO ONLY,,
2/25/2021,ENDURANCE 42-30-1V,0,0
2/25/2021,ENDURANCE 44-32,216.75,0
2/25/2021,ENDURANCE UNIT 23-5,155.08,0
2/25/2021,ENDURANCE UNIT 42-5,68,68
2/25/2021,ENDURANCE UNIT 44-29,77.89,0
2/25/2021,ENDURANCE/WEST SLOPE 32 CP,100,100
2/25/2021,FTUN 1495 S08-23V,1593.52,0
2/25/2021,FTUN 1495 S08-24V,977.04,0
2/25/2021,FTUN 1495 S08-SW1 CP,5157.6,0
2/25/2021,FTUN 1495 S17-02V,1373.52,0
2/25/2021,FTUN 1495 S17-03V,1213.52,0
2/25/2021,PM-PB-05V-16V CP,399,399
2/25/2021,POLAR BAR 2,195.48,0
2/25/2021,POWDER MOUNTAIN UNIT 34-26X,0.01,0.01
2/25/2021,WEST SLOPE UNIT 33-32,10.02,0
2/26/2021,BARRICADE 11-7,219,219
2/26/2021,BARRICADE 14-01V,111.04,0
2/26/2021,BARRICADE 1496-S26-05V,104.97,104.97
2/26/2021,BARRICADE 1496-S26-16V,43.61,43.61
2/26/2021,BARRICADE 1595-S31 CP,1297.91,0
2/26/2021,BARRICADE 1595-S31-11V,460.47,0
2/26/2021,BARRICADE 1595-S31-16V,916.28,0
2/26/2021,BARRICADE 21-11N1MH,89.91,0
2/26/2021,BARRICADE 22-06 CP,476.39,0
2/26/2021,BARRICADE 22-06-4H,344.08,0
2/26/2021,BARRICADE 22-06-5H,225.57,0
2/26/2021,BARRICADE 23-31 CP,855,0
2/26/2021,BARRICADE 23-31-2H,155.04,0
2/26/2021,BARRICADE 23-31-3H,818.06,0
2/26/2021,BARRICADE 24-36 CP,1051,0
2/26/2021,BARRICADE 24-36S1LH,307.1,0
2/26/2021,BARRICADE 24-36S2MH,710.33,0
2/26/2021,BARRICADE 32NE-6D,40.69,40.69
2/26/2021,BARRICADE 34-24V,118,0
2/26/2021,BARRICADE 41-01,90,0
2/26/2021,BARRICADE 41-6 5 CP,1633.06,0
2/26/2021,BARRICADE 41-6S1LH,840.61,0
2/26/2021,BARRICADE 41-6S1MH,759.42,0
2/26/2021,BARRICADE 41SW-6D,170.28,0
2/26/2021,BARRICADE 41SW/32NE TB,,
2/26/2021,BARRICADE UNIT 14-01 CP,700.82,0
2/26/2021,BARRICADE UNIT 14-01H,658,0
2/26/2021,BARRICADE UNIT 24-36,145.97,0
2/26/2021,BARRICADE UNIT 33-12,117,117
2/26/2021,BARRICADE UNIT 44-1 SWD INFO ONLY,0,0
2/26/2021,CEPO FEDERAL 20-17,1253.53,0
2/26/2021,CEPO FEDERAL 23-7,153,0
2/26/2021,CEPO FEDERAL 3-19ST,0,0
2/26/2021,ENDURANCE 11-21-1V,22,0
2/26/2021,ENDURANCE 1595 S29-18V,474.74,451.35
2/26/2021,ENDURANCE 1595 S29-29V,189.06,179.74
2/26/2021,ENDURANCE 1595 S32-13V,267.66,254.47
2/26/2021,ENDURANCE 1595 S32-19V,233.9,222.38
2/26/2021,ENDURANCE 1595 S32-21V,225.37,214.27
2/26/2021,ENDURANCE 1595 S32-25V,437.42,415.87
2/26/2021,ENDURANCE 1595 S32-26V,908.99,864.2
2/26/2021,ENDURANCE 1595-S32-29S NW1 CP,2749.47,2614
2/26/2021,ENDURANCE 21-32,12.32,11.72
2/26/2021,ENDURANCE 41-29S1 CP,865,0
2/26/2021,ENDURANCE 41-29S1LH,236.51,0
2/26/2021,ENDURANCE 41-29S1MH,159.61,0
2/26/2021,ENDURANCE 41-29S1UH,604.24,0
2/26/2021,ENDURANCE 42-10 INJ INFO ONLY,,
2/26/2021,ENDURANCE 42-30-1V,142,0
2/26/2021,ENDURANCE 44-32,238.28,0
2/26/2021,ENDURANCE UNIT 23-5,160.51,0
2/26/2021,ENDURANCE UNIT 42-5,76,76
2/26/2021,ENDURANCE UNIT 44-29,106.13,0
2/26/2021,ENDURANCE/WEST SLOPE 32 CP,100,100
2/26/2021,FTUN 1495 S08-23V,1774.99,0
2/26/2021,FTUN 1495 S08-24V,1033.77,0
2/26/2021,FTUN 1495 S08-SW1 CP,5426.86,0
2/26/2021,FTUN 1495 S17-02V,1338.18,0
2/26/2021,FTUN 1495 S17-03V,1279.92,0
2/26/2021,PM-PB-05V-16V CP,396,396
2/26/2021,POLAR BAR 2,176.71,0
2/26/2021,POWDER MOUNTAIN UNIT 34-26X,31.08,31.08
2/26/2021,WEST SLOPE UNIT 33-32,0,0
2/27/2021,BARRICADE 11-7,212,212
2/27/2021,BARRICADE 14-01V,139.11,0
2/27/2021,BARRICADE 1496-S26-05V,114,114
2/27/2021,BARRICADE 1496-S26-16V,70,70
2/27/2021,BARRICADE 1595-S31 CP,1322.66,0
2/27/2021,BARRICADE 1595-S31-11V,460.39,0
2/27/2021,BARRICADE 1595-S31-16V,933.44,0
2/27/2021,BARRICADE 21-11N1MH,18.03,0
2/27/2021,BARRICADE 22-06 CP,468.78,0
2/27/2021,BARRICADE 22-06-4H,344.63,0
2/27/2021,BARRICADE 22-06-5H,223.08,0
2/27/2021,BARRICADE 23-31 CP,844.11,0
2/27/2021,BARRICADE 23-31-2H,152.21,0
2/27/2021,BARRICADE 23-31-3H,742.22,0
2/27/2021,BARRICADE 24-36 CP,1045,0
2/27/2021,BARRICADE 24-36S1LH,302.07,0
2/27/2021,BARRICADE 24-36S2MH,708.3,0
2/27/2021,BARRICADE 32NE-6D,25.51,25.51
2/27/2021,BARRICADE 34-24V,120,0
2/27/2021,BARRICADE 41-01,91,0
2/27/2021,BARRICADE 41-6 5 CP,1623.49,0
2/27/2021,BARRICADE 41-6S1LH,844.88,0
2/27/2021,BARRICADE 41-6S1MH,752.67,0
2/27/2021,BARRICADE 41SW-6D,164.56,0
2/27/2021,BARRICADE 41SW/32NE TB,,
2/27/2021,BARRICADE UNIT 14-01 CP,694.89,0
2/27/2021,BARRICADE UNIT 14-01H,642.16,0
2/27/2021,BARRICADE UNIT 24-36,144.45,0
2/27/2021,BARRICADE UNIT 33-12,118,118
2/27/2021,BARRICADE UNIT 44-1 SWD INFO ONLY,0,0
2/27/2021,CEPO FEDERAL 20-17,1156.53,0
2/27/2021,CEPO FEDERAL 23-7,153,0
2/27/2021,CEPO FEDERAL 3-19ST,0,0
2/27/2021,ENDURANCE 11-21-1V,29,0
2/27/2021,ENDURANCE 1595 S29-18V,296.24,273.58
2/27/2021,ENDURANCE 1595 S29-29V,127.88,118.09
2/27/2021,ENDURANCE 1595 S32-13V,210.18,194.11
2/27/2021,ENDURANCE 1595 S32-19V,205.49,189.77
2/27/2021,ENDURANCE 1595 S32-21V,188.97,174.52
2/27/2021,ENDURANCE 1595 S32-25V,315.01,290.92
2/27/2021,ENDURANCE 1595 S32-26V,468.69,432.84
2/27/2021,ENDURANCE 1595-S32-29S NW1 CP,1812.65,1674
2/27/2021,ENDURANCE 21-32,0.19,0.17
2/27/2021,ENDURANCE 41-29S1 CP,856.6,0
2/27/2021,ENDURANCE 41-29S1LH,226.1,0
2/27/2021,ENDURANCE 41-29S1MH,154.3,0
2/27/2021,ENDURANCE 41-29S1UH,599.18,0
2/27/2021,ENDURANCE 42-10 INJ INFO ONLY,,
2/27/2021,ENDURANCE 42-30-1V,199,0
2/27/2021,ENDURANCE 44-32,171.18,0
2/27/2021,ENDURANCE UNIT 23-5,154.39,0
2/27/2021,ENDURANCE UNIT 42-5,158,158
2/27/2021,ENDURANCE UNIT 44-29,66.81,0
2/27/2021,ENDURANCE/WEST SLOPE 32 CP,118,118
2/27/2021,FTUN 1495 S08-23V,1503.61,0
2/27/2021,FTUN 1495 S08-24V,904.14,0
2/27/2021,FTUN 1495 S08-SW1 CP,4964.51,0
2/27/2021,FTUN 1495 S17-02V,1292,0
2/27/2021,FTUN 1495 S17-03V,1264.77,0
2/27/2021,PM-PB-05V-16V CP,353,353
2/27/2021,POLAR BAR 2,201.58,0
2/27/2021,POWDER MOUNTAIN UNIT 34-26X,19.12,19.12
2/27/2021,WEST SLOPE UNIT 33-32,0,0
2/28/2021,BARRICADE 11-7,213,213
2/28/2021,BARRICADE 14-01V,78.16,0
2/28/2021,BARRICADE 1496-S26-05V,53.31,53.31
2/28/2021,BARRICADE 1496-S26-16V,60.07,60.07
2/28/2021,BARRICADE 1595-S31 CP,1240.89,0
2/28/2021,BARRICADE 1595-S31-11V,452.99,0
2/28/2021,BARRICADE 1595-S31-16V,870.64,0
2/28/2021,BARRICADE 21-11N1MH,332.91,0
2/28/2021,BARRICADE 22-06 CP,429.16,0
2/28/2021,BARRICADE 22-06-4H,344.78,0
2/28/2021,BARRICADE 22-06-5H,188.09,0
2/28/2021,BARRICADE 23-31 CP,809.95,0
2/28/2021,BARRICADE 23-31-2H,149.47,0
2/28/2021,BARRICADE 23-31-3H,710.44,0
2/28/2021,BARRICADE 24-36 CP,1023,0
2/28/2021,BARRICADE 24-36S1LH,301.05,0
2/28/2021,BARRICADE 24-36S2MH,712.3,0
2/28/2021,BARRICADE 32NE-6D,16.37,16.37
2/28/2021,BARRICADE 34-24V,117,0
2/28/2021,BARRICADE 41-01,77,0
2/28/2021,BARRICADE 41-6 5 CP,1302.57,0
2/28/2021,BARRICADE 41-6S1LH,689.68,0
2/28/2021,BARRICADE 41-6S1MH,593.53,0
2/28/2021,BARRICADE 41SW-6D,140.21,0
2/28/2021,BARRICADE 41SW/32NE TB,,
2/28/2021,BARRICADE UNIT 14-01 CP,637.98,0
2/28/2021,BARRICADE UNIT 14-01H,638.02,0
2/28/2021,BARRICADE UNIT 24-36,137.91,0
2/28/2021,BARRICADE UNIT 33-12,111,111
2/28/2021,BARRICADE UNIT 44-1 SWD INFO ONLY,0,0
2/28/2021,CEPO FEDERAL 20-17,1138.28,0
2/28/2021,CEPO FEDERAL 23-7,153,0
2/28/2021,CEPO FEDERAL 3-19ST,0,0
2/28/2021,ENDURANCE 11-21-1V,21,0
2/28/2021,ENDURANCE 1595 S29-18V,612.74,575.93
2/28/2021,ENDURANCE 1595 S29-29V,219.44,206.26
2/28/2021,ENDURANCE 1595 S32-13V,299.04,281.07
2/28/2021,ENDURANCE 1595 S32-19V,282.72,265.74
2/28/2021,ENDURANCE 1595 S32-21V,282.01,265.07
2/28/2021,ENDURANCE 1595 S32-25V,421.11,395.81
2/28/2021,ENDURANCE 1595 S32-26V,659.75,620.12
2/28/2021,ENDURANCE 1595-S32-29S NW1 CP,2776.8,2610
2/28/2021,ENDURANCE 21-32,0,0
2/28/2021,ENDURANCE 41-29S1 CP,840.6,0
2/28/2021,ENDURANCE 41-29S1LH,235.05,0
2/28/2021,ENDURANCE 41-29S1MH,148.75,0
2/28/2021,ENDURANCE 41-29S1UH,593.82,0
2/28/2021,ENDURANCE 42-10 INJ INFO ONLY,,
2/28/2021,ENDURANCE 42-30-1V,165,0
2/28/2021,ENDURANCE 44-32,178.59,0
2/28/2021,ENDURANCE UNIT 23-5,145.73,0
2/28/2021,ENDURANCE UNIT 42-5,87,87
2/28/2021,ENDURANCE UNIT 44-29,86.27,0
2/28/2021,ENDURANCE/WEST SLOPE 32 CP,110,110
2/28/2021,FTUN 1495 S08-23V,1531.15,0
2/28/2021,FTUN 1495 S08-24V,931.9,0
2/28/2021,FTUN 1495 S08-SW1 CP,5080.15,0
2/28/2021,FTUN 1495 S17-02V,1358.52,0
2/28/2021,FTUN 1495 S17-03V,1258.58,0
2/28/2021,PM-PB-05V-16V CP,448,448
2/28/2021,POLAR BAR 2,233.03,0
2/28/2021,POWDER MOUNTAIN UNIT 34-26X,8.91,8.91
2/28/2021,WEST SLOPE UNIT 33-32,6.75,0
